"Date","Price","Open","High","Low","Vol.","Change %"
"05/31/2024","61,600","61,500","61,700","61,500","10.51K","0.16%"
"05/30/2024","61,500","61,000","61,500","60,700","5.11K","0.82%"
"05/29/2024","61,000","62,000","62,000","61,000","7.30K","0.00%"
"05/28/2024","61,000","61,000","61,800","60,900","7.90K","0.16%"
"05/27/2024","60,900","61,700","61,700","60,900","12.67K","-0.16%"
"05/24/2024","61,000","62,400","62,400","61,000","22.64K","-2.24%"
"05/23/2024","62,400","62,500","62,500","62,000","10.81K","-0.16%"
"05/22/2024","62,500","61,700","62,500","61,600","18.32K","1.30%"
"05/21/2024","61,700","62,000","62,000","61,700","15.51K","-0.32%"
"05/20/2024","61,900","62,000","62,000","61,600","6.11K","-0.16%"
"05/17/2024","62,000","61,800","62,000","61,500","4.94K","0.32%"
"05/16/2024","61,800","61,800","61,900","61,500","7.88K","0.65%"
"05/15/2024","61,400","61,300","61,700","61,300","6.33K","-0.16%"
"05/14/2024","61,500","61,800","61,800","61,000","14.91K","-0.16%"
"05/13/2024","61,600","61,200","61,600","60,700","12.35K","0.33%"
"05/10/2024","61,400","62,000","62,000","61,000","31.24K","-0.65%"
"05/09/2024","61,800","60,500","62,300","60,000","27.07K","3.00%"
"05/08/2024","60,000","60,000","60,100","59,900","48.60K","0.17%"
"05/07/2024","59,900","64,000","64,000","59,900","193.04K","-6.41%"
"05/06/2024","64,000","65,100","65,100","64,000","46.84K","-1.54%"
"05/03/2024","65,000","66,400","66,400","64,600","34.01K","-2.11%"
"05/02/2024","66,400","66,500","66,600","66,300","11.22K","0.45%"
"04/26/2024","66,100","66,600","68,000","66,000","5.86K","-0.60%"
"04/25/2024","66,500","67,400","67,400","66,500","8.48K","-1.34%"
"04/24/2024","67,400","65,800","67,900","65,800","2.60K","0.45%"
"04/23/2024","67,100","68,000","68,000","67,000","11.10K","-0.59%"
"04/22/2024","67,500","67,500","67,600","67,500","1.34K","0.00%"
"04/19/2024","67,500","67,500","67,500","66,600","10.85K","-0.74%"
"04/17/2024","68,000","68,000","68,300","68,000","8.91K","0.00%"
"04/16/2024","68,000","68,600","68,600","66,900","10.76K","-0.73%"
"04/15/2024","68,500","69,300","69,300","68,000","14.22K","-1.15%"
"04/12/2024","69,300","68,900","69,300","68,900","3.01K","0.58%"
"04/11/2024","68,900","69,500","69,500","68,200","5.36K","-0.86%"
"04/10/2024","69,500","69,500","69,500","69,500","2.30K","0.58%"
"04/09/2024","69,100","70,500","70,500","69,100","2.47K","-1.14%"
"04/08/2024","69,900","70,000","70,000","68,000","6.30K","-0.14%"
"04/05/2024","70,000","70,000","70,000","67,500","10.25K","0.00%"
"04/04/2024","70,000","70,400","70,700","70,000","2.80K","-0.57%"
"04/03/2024","70,400","70,500","70,600","70,400","15.18K","0.14%"
"04/02/2024","70,300","70,500","70,500","70,200","11.01K","-0.28%"
"04/01/2024","70,500","70,500","70,800","70,500","13.83K","0.57%"
"03/29/2024","70,100","70,500","70,500","70,000","8.02K","-0.57%"
"03/28/2024","70,500","70,700","70,900","70,400","7.68K","0.00%"
"03/27/2024","70,500","70,500","70,700","70,100","3.39K","0.00%"
"03/26/2024","70,500","70,800","70,800","70,300","2.97K","-0.70%"
"03/25/2024","71,000","70,800","71,200","70,700","3.99K","0.42%"
"03/22/2024","70,700","71,500","71,500","70,700","12.96K","-1.12%"
"03/21/2024","71,500","71,000","72,500","71,000","13.27K","2.88%"
"03/20/2024","69,500","70,650","70,650","69,021","10.43K","-1.63%"
"03/19/2024","70,650","70,938","70,938","70,555","8.90K","-0.27%"
"03/18/2024","70,842","70,842","71,801","70,650","24.46K","-0.40%"
"03/15/2024","71,130","71,226","71,417","70,842","1.80K","-0.13%"
"03/14/2024","71,226","70,938","71,417","70,938","16.19K","0.41%"
"03/13/2024","70,938","70,938","71,417","70,171","8.26K","0.00%"
"03/12/2024","70,938","70,938","70,938","70,746","6.10K","0.27%"
"03/11/2024","70,746","71,417","71,417","70,267","13.56K","-0.94%"
"03/08/2024","71,417","70,938","71,417","70,938","12.33K","0.68%"
"03/07/2024","70,938","70,459","71,034","70,267","15.87K","0.68%"
"03/06/2024","70,459","70,555","70,938","70,075","8.13K","-0.14%"
"03/05/2024","70,555","70,363","70,746","69,883","20.54K","0.27%"
"03/04/2024","70,363","69,021","70,363","69,021","27.94K","1.94%"
"03/01/2024","69,021","69,500","69,500","68,829","21.90K","-0.14%"
"02/29/2024","69,117","69,979","70,459","69,021","36.81K","-1.23%"
"02/28/2024","69,979","69,979","70,459","69,596","22.93K","1.25%"
"02/27/2024","69,117","69,979","69,979","69,021","6.33K","0.14%"
"02/26/2024","69,021","69,979","69,979","67,775","4.43K","1.41%"
"02/23/2024","68,062","68,541","69,500","68,062","26.92K","-0.70%"
"02/22/2024","68,541","70,363","70,459","68,541","49.25K","-2.72%"
"02/21/2024","70,459","68,541","70,459","68,541","3.93K","2.51%"
"02/20/2024","68,733","69,979","69,979","68,733","15.00K","-1.65%"
"02/19/2024","69,883","69,883","73,814","69,500","15.27K","0.00%"
"02/16/2024","69,883","69,500","69,979","69,500","3.94K","-0.14%"
"02/15/2024","69,979","69,979","69,979","69,021","5.56K","0.00%"
"02/07/2024","69,979","71,226","71,226","69,692","4.21K","0.69%"
"02/06/2024","69,500","69,021","69,500","69,021","4.20K","0.42%"
"02/05/2024","69,212","69,117","69,212","69,117","7.49K","0.14%"
"02/02/2024","69,117","69,117","69,117","69,021","5.56K","0.14%"
"02/01/2024","69,021","68,062","69,404","68,062","2.80K","0.28%"
"01/31/2024","68,829","69,308","69,308","68,829","9.61K","-0.42%"
"01/30/2024","69,117","69,021","69,117","68,350","4.81K","0.14%"
"01/29/2024","69,021","68,446","69,404","68,062","20.59K","0.98%"
"01/26/2024","68,350","68,254","68,350","68,254","2.31K","0.28%"
"01/25/2024","68,158","68,158","68,158","68,158","1.40K","0.00%"
"01/24/2024","68,158","68,062","68,733","68,062","2.60K","0.14%"
"01/23/2024","68,062","67,583","68,541","67,199","2.45K","0.71%"
"01/22/2024","67,583","68,158","68,925","67,583","1.81K","-0.84%"
"01/19/2024","68,158","68,829","69,500","68,062","7.68K","-0.70%"
"01/18/2024","68,637","68,637","68,637","68,637","1.20K","0.14%"
"01/17/2024","68,541","68,541","69,404","68,541","4.98K","0.14%"
"01/16/2024","68,446","70,842","70,842","68,062","3.69K","-3.38%"
"01/15/2024","70,842","66,145","70,842","65,186","15.36K","7.10%"
"01/12/2024","66,145","67,103","67,103","66,145","1.40K","1.17%"
"01/11/2024","65,378","66,145","66,624","65,378","12.44K","-1.73%"
"01/10/2024","66,528","68,062","68,062","66,528","2.80K","0.00%"
"01/09/2024","66,528","66,145","66,624","66,145","3.54K","-0.14%"
"01/08/2024","66,624","68,925","69,021","66,624","4.95K","-3.34%"
"01/05/2024","68,925","68,350","69,021","68,350","12.92K","1.13%"
"01/04/2024","68,158","65,666","69,308","65,666","34.77K","4.87%"
"01/03/2024","64,995","63,269","64,995","63,269","10.90K","2.73%"
"01/02/2024","63,269","63,269","63,269","62,790","3.60K","0.76%"
"12/29/2023","62,790","62,790","62,981","62,790","1.85K","0.00%"
"12/28/2023","62,790","62,598","62,790","62,598","4.14K","0.77%"
"12/27/2023","62,310","62,598","62,598","62,310","5.42K","-0.31%"
"12/26/2023","62,502","62,598","62,598","62,310","7.30K","1.09%"
"12/25/2023","61,831","61,831","61,831","61,639","1.20K","0.47%"
"12/22/2023","61,543","61,831","61,831","61,448","3.22K","-0.47%"
"12/21/2023","61,831","61,735","61,831","61,543","4.70K","0.16%"
"12/20/2023","61,735","62,598","62,790","61,735","11.55K","0.31%"
"12/19/2023","61,543","61,543","61,543","61,543","2.36K","0.00%"
"12/18/2023","61,543","62,023","62,023","61,448","6.00K","-0.77%"
"12/15/2023","62,023","62,598","62,598","62,023","1.30K","-0.92%"
"12/14/2023","62,598","62,310","62,694","62,119","6.20K","0.77%"
"12/13/2023","62,119","61,831","62,215","61,831","5.54K","-0.31%"
"12/12/2023","62,310","61,639","62,310","61,352","6.64K","1.25%"
"12/11/2023","61,543","61,927","62,310","61,543","1.71K","-0.62%"
"12/08/2023","61,927","61,831","62,310","61,831","3.33K","0.47%"
"12/07/2023","61,639","61,831","62,406","61,639","7.02K","0.00%"
"12/06/2023","61,639","61,543","62,598","61,543","5.08K","-0.31%"
"12/05/2023","61,831","61,448","61,831","61,352","1.20K","-0.16%"
"12/04/2023","61,927","62,790","62,790","61,831","7.22K","0.16%"
"12/01/2023","61,831","61,831","61,831","61,735","16.17K","0.78%"
"11/30/2023","61,352","61,064","61,448","61,064","1.90K","0.47%"
"11/29/2023","61,064","60,872","61,352","60,872","6.21K","-0.47%"
"11/28/2023","61,352","62,215","62,215","61,352","0.60K","-0.31%"
"11/27/2023","61,543","61,543","61,543","61,352","0.79K","0.31%"
"11/24/2023","61,352","61,831","62,215","61,352","4.81K","-1.39%"
"11/23/2023","62,215","62,310","63,173","62,215","4.15K","0.00%"
"11/22/2023","62,215","61,831","62,310","61,831","9.70K","0.78%"
"11/21/2023","61,735","61,352","61,735","61,352","1.91K","0.62%"
"11/20/2023","61,352","60,872","61,352","60,872","6.39K","0.00%"
"11/17/2023","61,352","62,310","62,310","61,352","5.34K","-0.77%"
"11/16/2023","61,831","62,310","62,310","61,448","2.91K","0.78%"
"11/15/2023","61,352","61,831","65,378","61,352","28.90K","3.23%"
"11/14/2023","59,435","59,339","60,393","59,339","16.28K","1.64%"
"11/13/2023","58,476","58,188","58,859","58,188","1.60K","0.49%"
"11/10/2023","58,188","59,339","59,339","58,188","3.22K","-0.98%"
"11/09/2023","58,763","58,859","59,339","58,668","2.83K","-0.16%"
"11/08/2023","58,859","59,243","59,243","57,997","5.70K","0.82%"
"11/07/2023","58,380","58,476","58,668","58,380","2.00K","-0.33%"
"11/06/2023","58,572","58,859","59,051","58,476","4.42K","-0.81%"
"11/03/2023","59,051","58,476","60,201","57,517","2.89K","0.33%"
"11/02/2023","58,859","58,572","59,722","58,476","6.61K","0.65%"
"11/01/2023","58,476","57,805","58,476","57,517","4.24K","1.16%"
"10/31/2023","57,805","58,476","59,435","57,709","10.82K","-1.15%"
"10/30/2023","58,476","59,339","59,435","58,476","4.75K","-1.61%"
"10/27/2023","59,435","57,997","63,269","56,559","12.74K","2.48%"
"10/26/2023","57,997","56,559","58,284","56,271","16.00K","-0.66%"
"10/25/2023","58,380","58,476","58,476","55,600","11.40K","-0.16%"
"10/24/2023","58,476","58,763","58,763","57,517","3.39K","-0.49%"
"10/23/2023","58,763","58,955","58,955","57,517","12.32K","-0.65%"
"10/20/2023","59,147","59,147","59,722","58,859","5.11K","0.00%"
"10/19/2023","59,147","58,955","59,914","58,668","9.35K","0.82%"
"10/18/2023","58,668","60,106","60,393","58,668","8.26K","-2.39%"
"10/17/2023","60,106","60,106","60,489","59,914","5.25K","0.16%"
"10/16/2023","60,010","60,585","60,585","60,010","5.27K","-0.48%"
"10/13/2023","60,297","60,585","61,256","60,106","11.99K","-0.63%"
"10/12/2023","60,681","60,489","61,352","60,489","5.10K","0.48%"
"10/11/2023","60,393","59,435","62,310","59,435","7.60K","1.61%"
"10/10/2023","59,435","57,997","59,914","57,997","17.51K","3.33%"
"10/09/2023","57,517","56,175","57,517","56,079","10.26K","2.56%"
"10/06/2023","56,079","56,079","56,271","55,121","7.51K","-0.51%"
"10/05/2023","56,367","57,517","57,517","56,367","13.60K","-2.00%"
"10/04/2023","57,517","57,517","57,613","56,559","7.10K","0.00%"
"10/03/2023","57,517","59,147","59,147","55,504","43.70K","-2.76%"
"10/02/2023","59,147","59,435","59,435","59,147","3.87K","0.00%"
"09/29/2023","59,147","59,722","59,722","57,517","10.34K","3.87%"
"09/28/2023","56,942","56,750","58,476","56,559","12.14K","0.34%"
"09/27/2023","56,750","58,092","58,092","55,600","37.96K","-2.31%"
"09/26/2023","58,092","61,831","61,831","57,805","37.17K","-1.94%"
"09/25/2023","59,243","62,119","62,119","59,243","30.41K","-4.92%"
"09/22/2023","62,310","62,502","63,748","60,201","77.02K","-4.41%"
"09/21/2023","65,186","65,953","65,953","64,707","3.60K","0.00%"
"09/20/2023","65,186","65,282","65,282","64,228","3.72K","-0.15%"
"09/19/2023","65,282","66,145","66,145","65,282","0.72K","0.15%"
"09/18/2023","65,186","66,145","66,145","65,186","3.70K","-1.45%"
"09/15/2023","66,145","64,323","66,145","64,323","1.11K","1.47%"
"09/14/2023","65,186","65,378","65,378","64,323","3.70K","-0.29%"
"09/13/2023","65,378","65,378","66,145","64,707","2.72K","0.00%"
"09/12/2023","65,378","66,145","66,145","65,282","4.46K","-0.15%"
"09/11/2023","65,474","65,953","66,145","65,474","6.39K","-1.16%"
"09/08/2023","66,241","66,912","67,103","66,145","3.88K","-1.28%"
"09/07/2023","67,103","68,062","68,062","66,145","6.30K","-0.99%"
"09/06/2023","67,775","67,103","67,775","67,103","6.60K","1.00%"
"09/05/2023","67,103","66,720","70,650","62,886","19.43K","1.60%"
"08/31/2023","66,049","65,186","66,049","61,352","16.22K","1.32%"
"08/30/2023","65,186","67,103","67,199","63,748","4.63K","-2.86%"
"08/29/2023","67,103","66,145","68,062","66,145","8.86K","2.19%"
"08/28/2023","65,666","62,215","66,624","62,215","23.62K","5.87%"
"08/25/2023","62,023","60,585","62,310","60,585","4.96K","2.37%"
"08/24/2023","60,585","60,489","60,777","60,489","3.13K","-0.47%"
"08/23/2023","60,872","60,393","60,872","60,393","2.21K","-0.63%"
"08/22/2023","61,256","62,119","62,119","59,435","5.47K","1.43%"
"08/21/2023","60,393","60,968","60,968","60,010","3.87K","-0.94%"
"08/18/2023","60,968","61,831","62,790","60,968","11.88K","-2.90%"
"08/17/2023","62,790","62,310","62,790","62,310","7.70K","-0.45%"
"08/16/2023","63,077","63,269","63,269","62,502","2.77K","-0.30%"
"08/15/2023","63,269","63,269","63,365","61,639","2.40K","-0.15%"
"08/14/2023","63,365","63,269","63,461","61,831","12.51K","0.15%"
"08/11/2023","63,269","63,269","63,269","62,790","6.80K","-0.30%"
"08/10/2023","63,461","64,132","64,132","63,461","0.70K","0.15%"
"08/09/2023","63,365","63,269","64,228","63,269","2.80K","0.15%"
"08/08/2023","63,269","57,805","64,995","57,805","10.41K","-1.35%"
"08/07/2023","64,132","63,365","64,323","63,365","6.80K","1.06%"
"08/04/2023","63,461","63,269","63,748","63,269","6.54K","-0.45%"
"08/03/2023","63,748","64,803","64,899","62,310","5.30K","-1.04%"
"08/02/2023","64,419","64,228","64,611","64,228","7.78K","-1.18%"
"08/01/2023","65,186","65,186","65,474","65,186","17.44K","1.49%"
"07/31/2023","64,228","63,652","64,707","63,652","3.80K","-0.59%"
"07/28/2023","64,611","64,899","65,186","64,132","7.41K","-0.88%"
"07/27/2023","65,186","65,186","65,474","64,803","10.65K","0.00%"
"07/26/2023","65,186","66,145","66,145","65,186","7.64K","-1.31%"
"07/25/2023","66,049","65,761","66,049","65,378","11.50K","1.32%"
"07/24/2023","65,186","66,145","66,145","63,269","28.71K","-1.45%"
"07/21/2023","66,145","68,829","69,021","66,145","30.53K","-3.90%"
"07/20/2023","68,829","69,404","70,171","68,829","6.36K","-0.83%"
"07/19/2023","69,404","69,404","70,171","68,541","20.40K","0.55%"
"07/18/2023","69,021","70,746","70,938","68,158","19.71K","-1.91%"
"07/17/2023","70,363","69,404","71,897","69,212","22.57K","1.66%"
"07/14/2023","69,212","72,855","72,855","69,212","42.00K","-6.84%"
"07/13/2023","74,293","76,210","76,210","70,938","22.90K","-2.52%"
"07/12/2023","76,210","77,457","77,457","71,897","100.78K","8.16%"
"07/11/2023","70,459","70,459","70,459","70,459","18.28K","9.90%"
"07/10/2023","64,113","64,113","64,113","58,668","214.78K","10.00%"
"07/07/2023","58,284","53,568","58,936","53,568","111.53K","8.73%"
"07/06/2023","53,606","56,597","56,674","52,916","102.78K","-5.22%"
"07/05/2023","56,559","60,201","60,201","55,600","56.50K","-1.54%"
"07/04/2023","57,441","60,585","61,352","56,750","71.92K","-4.89%"
"07/03/2023","60,393","58,668","63,691","58,668","62.47K","4.30%"
"06/30/2023","57,901","58,859","59,435","57,901","30.75K","-0.92%"
"06/29/2023","58,438","57,517","59,818","57,134","32.55K","1.67%"
"06/28/2023","57,479","55,983","61,160","55,983","76.93K","2.81%"
"06/27/2023","55,907","54,833","55,907","51,842","4.13K","1.96%"
"06/26/2023","54,833","55,600","55,600","54,833","0.77K","-1.38%"
"06/23/2023","55,600","51,689","55,600","51,689","6.40K","7.57%"
"06/22/2023","51,689","50,615","55,562","49,465","24.03K","-5.93%"
"06/21/2023","54,948","55,983","55,983","51,420","26.00K","-3.83%"
"06/20/2023","57,134","51,766","57,517","51,766","3.29K","2.76%"
"06/19/2023","55,600","45,592","55,677","45,592","38.09K","9.85%"
"06/16/2023","50,615","44,863","50,615","44,863","2.52K","6.45%"
"06/15/2023","47,548","42,409","47,548","42,409","0.54K","0.98%"
"06/14/2023","47,087","45,822","47,893","45,822","1.00K","5.95%"
"06/09/2023","44,442","44,135","44,442","44,135","0.77K","0.00%"
"06/08/2023","44,442","44,442","44,442","44,442","0.31K","-5.00%"
"06/07/2023","46,781","46,781","46,781","46,781","0.26K","1.75%"
"06/06/2023","45,975","45,975","45,975","45,975","3.25K","3.81%"
"06/05/2023","44,288","42,563","46,742","42,563","3.77K","-5.33%"
"06/02/2023","46,781","48,084","48,084","46,781","3.03K","7.02%"
"06/01/2023","43,713","41,796","43,905","41,719","6.25K","9.51%"
"05/31/2023","39,917","39,495","40,454","39,495","1.76K","4.10%"
"05/30/2023","38,345","38,345","38,345","38,345","0.51K","0.00%"
"05/29/2023","38,345","38,345","38,345","38,345","0.29K","3.84%"
"05/22/2023","36,926","86,700","86,700","86,700","","0.00%"
"05/19/2023","36,926","37,003","37,003","36,926","0.50K","-2.73%"
"05/16/2023","37,961","37,770","37,961","37,770","0.50K","-5.72%"
"05/15/2023","40,262","40,262","40,262","40,262","0.26K","7.03%"
"05/12/2023","37,616","37,616","37,616","37,616","0.25K","-9.34%"
"05/11/2023","41,489","39,112","41,719","39,112","8.04K","7.55%"
"05/10/2023","38,575","38,575","38,575","38,575","0.29K","-0.10%"
"05/09/2023","38,613","38,652","38,652","38,613","0.81K","-0.10%"
"05/08/2023","38,652","38,537","38,652","38,537","2.79K","0.80%"
"05/05/2023","38,345","38,345","38,345","38,345","1.03K","0.00%"
"04/28/2023","38,345","38,345","38,345","38,345","1.00K","0.00%"
"04/25/2023","38,345","38,345","38,345","38,345","1.25K","0.00%"
"04/24/2023","38,345","38,345","38,345","38,345","5.75K","0.00%"
"04/21/2023","38,345","38,345","38,345","38,345","6.75K","0.00%"
"04/18/2023","38,345","38,345","38,345","38,345","0.50K","0.00%"
"04/17/2023","38,345","38,345","38,345","38,345","3.04K","0.71%"
"04/14/2023","38,076","38,038","38,076","38,038","1.50K","-0.10%"
"04/13/2023","38,115","38,268","38,345","38,115","1.77K","3.65%"
"04/12/2023","36,773","35,891","36,773","35,891","0.53K","-3.91%"
"04/11/2023","38,268","38,345","38,345","38,268","0.50K","4.94%"
"04/10/2023","36,466","36,466","36,466","36,428","2.50K","-4.99%"
"04/06/2023","38,383","38,345","38,383","38,345","1.75K","0.10%"
"04/05/2023","38,345","38,345","38,345","38,268","4.25K","0.50%"
"04/04/2023","38,153","38,153","38,153","38,153","7.10K","4.74%"
"04/03/2023","36,428","36,236","36,428","36,236","6.25K","0.00%"
"03/31/2023","36,428","36,428","36,428","36,428","0.25K","-4.52%"
"03/30/2023","38,153","35,891","38,153","35,891","0.50K","4.52%"
"03/29/2023","36,504","36,504","36,504","36,504","1.00K","0.00%"
"03/27/2023","36,504","36,466","36,504","36,466","1.26K","-6.21%"
"03/23/2023","38,920","38,345","38,920","38,345","0.51K","-1.46%"
"03/22/2023","39,495","40,492","40,492","38,728","6.51K","3.00%"
"03/21/2023","38,345","39,495","39,495","38,345","7.78K","4.82%"
"03/20/2023","36,581","36,439","39,624","36,404","15.00K","0.39%"
"03/16/2023","36,439","36,086","36,439","36,086","0.56K","0.00%"
"03/13/2023","36,439","36,439","36,439","36,439","3.00K","3.00%"
"03/10/2023","35,378","35,378","35,378","35,378","4.05K","1.01%"
"03/09/2023","35,024","35,024","35,024","35,024","1.50K","2.59%"
"03/07/2023","34,140","34,140","34,140","34,140","1.29K","-3.60%"
"03/06/2023","35,414","35,378","35,555","35,378","7.50K","-9.90%"
"03/03/2023","39,305","39,305","41,746","39,270","3.58K","0.00%"
"03/02/2023","39,305","33,609","39,305","33,609","7.50K","10.00%"
"02/28/2023","35,732","35,944","35,944","35,661","4.75K","-9.82%"
"02/24/2023","39,624","36,439","39,624","36,439","8.00K","9.80%"
"02/23/2023","36,086","35,378","36,086","35,378","4.82K","2.10%"
"02/22/2023","35,343","35,343","35,343","35,343","0.75K","0.91%"
"02/21/2023","35,024","34,671","35,024","34,671","1.26K","1.02%"
"02/20/2023","34,671","34,671","34,671","34,671","1.08K","2.08%"
"02/17/2023","33,963","34,671","34,847","33,963","0.75K","1.05%"
"02/16/2023","33,609","33,609","33,609","33,609","4.32K","0.96%"
"02/15/2023","33,291","33,079","33,291","33,079","0.83K","-1.98%"
"02/13/2023","33,963","33,821","33,963","33,786","1.50K","0.52%"
"02/10/2023","33,786","33,786","33,786","33,786","2.75K","2.58%"
"02/09/2023","32,937","32,972","32,972","32,937","0.50K","0.11%"
"02/08/2023","32,902","32,902","32,902","32,902","0.25K","-9.71%"
"02/07/2023","36,439","31,840","36,439","31,840","1.03K","5.64%"
"02/03/2023","34,494","31,840","34,494","31,840","0.50K","0.00%"
"02/02/2023","34,494","34,317","34,494","34,317","8.78K","0.52%"
"02/01/2023","34,317","34,317","34,317","34,317","0.25K","0.00%"
"01/31/2023","34,317","35,378","35,378","33,963","1.75K","1.25%"
"01/30/2023","33,892","33,892","33,892","33,892","0.79K","0.84%"
"01/27/2023","33,609","33,609","33,609","33,609","2.75K","0.53%"
"01/19/2023","33,432","33,609","33,609","33,432","0.50K","3.85%"
"01/16/2023","32,194","32,194","32,194","32,194","0.31K","-2.15%"
"01/06/2023","32,902","32,902","32,902","32,902","0.50K","-1.06%"
"12/30/2022","33,255","33,255","33,255","33,255","0.50K","1.07%"
"12/28/2022","32,902","32,902","32,902","32,902","1.05K","0.00%"
"12/19/2022","32,902","32,902","32,902","32,902","0.25K","-5.96%"
"12/16/2022","34,989","32,548","34,989","32,548","1.25K","5.21%"
"12/15/2022","33,255","33,255","33,255","33,255","1.46K","5.50%"
"12/14/2022","31,522","32,017","32,017","31,522","1.75K","0.11%"
"12/13/2022","31,487","31,487","31,487","31,487","0.50K","-1.11%"
"12/09/2022","31,840","31,840","31,840","31,840","0.25K","0.00%"
"12/07/2022","31,840","31,840","31,840","31,840","0.50K","0.56%"
"12/06/2022","31,663","31,840","31,840","31,663","0.50K","-0.56%"
"12/01/2022","31,840","31,840","32,194","31,840","1.50K","-0.55%"
"11/30/2022","32,017","32,017","32,017","32,017","0.71K","0.44%"
"11/29/2022","31,876","31,876","31,876","31,876","0.25K","0.11%"
"11/25/2022","31,840","31,522","31,840","31,487","10.26K","-0.11%"
"11/23/2022","31,876","31,876","31,876","31,876","6.88K","-2.06%"
"11/18/2022","32,548","32,194","32,548","32,194","2.50K","2.80%"
"11/17/2022","31,663","31,663","31,663","31,663","0.25K","0.56%"
"11/16/2022","31,487","31,487","31,487","31,487","0.75K","-2.20%"
"11/15/2022","32,194","31,663","32,194","31,487","7.25K","2.25%"
"11/14/2022","31,487","31,522","31,840","31,487","27.25K","-1.11%"
"11/10/2022","31,840","31,663","31,840","31,663","2.00K","-1.10%"
"11/09/2022","32,194","31,840","32,194","31,840","4.25K","1.11%"
"11/08/2022","31,840","31,840","31,840","31,840","0.25K","0.90%"
"11/07/2022","31,557","31,487","31,557","31,487","7.75K","0.11%"
"11/04/2022","31,522","31,522","31,522","31,522","1.00K","0.00%"
"11/03/2022","31,522","31,522","31,522","31,522","0.25K","0.11%"
"11/02/2022","31,487","31,522","31,522","31,487","1.00K","0.00%"
"11/01/2022","31,487","31,522","31,522","31,487","4.01K","-0.11%"
"10/31/2022","31,522","31,522","31,522","31,522","0.25K","0.68%"
"10/28/2022","31,310","31,345","31,345","31,310","3.04K","0.00%"
"10/27/2022","31,310","31,310","31,310","31,310","0.25K","-1.11%"
"10/24/2022","31,663","31,734","31,734","31,663","12.25K","-0.56%"
"10/21/2022","31,840","31,840","31,840","31,840","5.01K","0.00%"
"10/20/2022","31,840","31,840","31,840","31,840","6.51K","-0.11%"
"10/17/2022","31,876","31,840","31,876","31,840","2.77K","0.11%"
"10/14/2022","31,840","31,840","31,840","31,840","2.50K","1.12%"
"10/10/2022","31,487","31,522","31,840","31,487","7.25K","-1.11%"
"10/07/2022","31,840","31,911","31,911","31,840","7.75K","-0.22%"
"10/06/2022","31,911","31,911","31,911","31,911","0.50K","-0.66%"
"10/05/2022","32,123","32,123","32,123","32,123","0.25K","0.22%"
"10/04/2022","32,053","31,840","32,053","31,840","11.00K","0.00%"
"10/03/2022","32,053","32,053","32,053","32,053","2.51K","0.67%"
"09/30/2022","31,840","31,840","31,840","31,840","2.51K","-0.22%"
"09/29/2022","31,911","31,840","31,911","31,840","1.50K","0.11%"
"09/28/2022","31,876","31,487","31,876","31,487","1.00K","1.24%"
"09/26/2022","31,487","32,053","32,053","31,487","4.50K","-1.77%"
"09/22/2022","32,053","31,911","32,053","31,911","0.83K","-0.98%"
"09/21/2022","32,371","32,371","32,371","32,371","1.00K","0.55%"
"09/20/2022","32,194","31,911","32,194","31,911","0.75K","0.89%"
"09/19/2022","31,911","32,017","32,194","31,911","2.00K","0.11%"
"09/14/2022","31,876","31,876","31,911","31,876","1.25K","-0.11%"
"09/13/2022","31,911","31,911","31,911","31,911","0.25K","-0.33%"
"09/12/2022","32,017","31,876","32,017","31,876","1.59K","0.44%"
"09/09/2022","31,876","31,876","31,876","31,876","0.25K","-0.99%"
"09/07/2022","32,194","32,194","32,194","32,194","0.50K","1.11%"
"09/06/2022","31,840","31,840","31,840","31,840","1.76K","-0.22%"
"09/05/2022","31,911","31,911","31,911","31,911","2.50K","0.11%"
"08/31/2022","31,876","31,876","31,876","31,876","4.75K","0.00%"
"08/30/2022","31,876","31,876","31,876","31,876","2.50K","0.11%"
"08/29/2022","31,840","31,840","31,840","31,840","1.25K","-0.11%"
"08/26/2022","31,876","32,017","32,017","31,876","8.25K","0.00%"
"08/25/2022","31,876","31,876","31,876","31,876","1.75K","-0.11%"
"08/24/2022","31,911","31,911","31,911","31,911","1.00K","0.00%"
"08/23/2022","31,911","31,840","31,911","31,840","9.25K","0.22%"
"08/22/2022","31,840","31,840","31,876","31,840","35.25K","-1.10%"
"08/18/2022","32,194","32,194","32,194","31,840","3.80K","0.55%"
"08/17/2022","32,017","31,876","32,017","31,876","7.50K","0.33%"
"08/16/2022","31,911","32,513","32,513","31,840","15.25K","-0.33%"
"08/15/2022","32,017","32,017","32,017","31,876","10.25K","0.56%"
"08/12/2022","31,840","31,840","31,840","31,840","62.50K","0.00%"
"08/11/2022","31,840","32,194","33,079","31,840","10.00K","0.00%"
"08/10/2022","31,840","31,840","31,876","31,840","11.01K","0.00%"
"08/09/2022","31,840","31,840","31,840","31,840","44.25K","0.00%"
"08/08/2022","31,840","31,840","31,840","31,840","21.25K","0.33%"
"08/05/2022","31,734","31,840","31,840","30,779","26.77K","-0.33%"
"08/04/2022","31,840","31,876","31,876","31,840","14.00K","0.00%"
"08/02/2022","31,840","31,876","31,876","31,840","2.25K","-0.55%"
"08/01/2022","32,017","31,876","32,017","31,840","11.50K","0.56%"
"07/29/2022","31,840","32,017","32,017","31,840","1.25K","-0.55%"
"07/28/2022","32,017","32,017","32,017","31,876","10.25K","0.56%"
"07/27/2022","31,840","31,840","31,840","31,840","6.00K","0.00%"
"07/26/2022","31,840","32,017","32,017","31,840","12.50K","-0.55%"
"07/25/2022","32,017","32,194","32,583","32,017","7.00K","-7.65%"
"07/22/2022","34,671","34,671","34,671","34,671","0.25K","6.52%"
"07/20/2022","32,548","34,671","34,671","31,840","48.25K","0.00%"
"07/19/2022","32,548","34,671","34,671","32,548","0.50K","-6.12%"
"07/15/2022","34,671","34,671","34,671","34,671","0.56K","6.41%"
"07/14/2022","32,583","32,583","32,583","32,583","0.26K","0.11%"
"07/13/2022","32,548","32,548","32,548","32,548","1.78K","-1.08%"
"07/12/2022","32,902","32,548","33,079","32,548","71.50K","1.09%"
"07/11/2022","32,548","32,194","32,548","32,194","3.75K","0.00%"
"07/08/2022","32,548","32,548","32,725","32,371","19.50K","1.10%"
"07/07/2022","32,194","32,194","32,548","32,194","5.76K","-1.09%"
"07/06/2022","32,548","32,548","32,548","32,548","5.00K","0.00%"
"07/05/2022","32,548","32,902","32,902","31,840","2.01K","-1.08%"
"07/04/2022","32,902","33,079","33,079","32,902","0.50K","3.34%"
"06/28/2022","31,840","31,840","31,840","31,840","0.25K","0.00%"
"06/27/2022","31,840","31,840","31,840","31,840","2.50K","-3.75%"
"06/24/2022","33,079","33,079","33,079","33,079","0.25K","2.75%"
"06/22/2022","32,194","31,840","32,194","31,840","1.00K","0.55%"
"06/21/2022","32,017","32,017","32,017","32,017","2.50K","0.00%"
"06/17/2022","32,017","32,017","32,017","32,017","0.75K","-1.09%"
"06/16/2022","32,371","32,017","32,442","32,017","8.75K","-2.14%"
"06/15/2022","33,079","33,079","33,079","33,079","1.00K","0.65%"
"06/14/2022","32,866","32,866","32,866","32,866","0.25K","3.22%"
"06/13/2022","31,840","32,194","32,194","31,840","30.25K","-5.36%"
"06/09/2022","33,645","33,255","33,998","33,255","3.22K","-8.03%"
"06/07/2022","36,581","36,581","36,581","36,581","0.25K","10.00%"
"06/03/2022","33,255","33,255","33,255","33,255","37.00K","0.00%"
"06/02/2022","33,255","32,760","33,255","32,760","18.00K","0.00%"
"06/01/2022","33,255","33,220","33,255","33,220","10.00K","0.00%"
"05/30/2022","33,255","33,255","33,255","33,255","0.25K","-2.59%"
"05/26/2022","34,140","32,194","34,140","32,194","0.50K","-0.52%"
"05/25/2022","34,317","34,317","34,317","34,317","7.00K","1.04%"
"05/24/2022","33,963","33,963","33,963","33,963","0.50K","5.96%"
"05/23/2022","32,053","32,088","32,088","32,053","4.50K","-5.62%"
"05/20/2022","33,963","34,105","34,105","32,866","49.75K","3.78%"
"05/18/2022","32,725","31,840","32,725","31,840","20.25K","-4.54%"
"05/17/2022","34,281","34,317","34,317","34,281","0.50K","7.67%"
"05/16/2022","31,840","32,194","32,194","31,840","1.50K","-1.10%"
"05/13/2022","32,194","32,937","32,972","31,840","48.50K","-2.36%"
"05/12/2022","32,972","32,937","33,008","32,937","7.25K","0.11%"
"05/11/2022","32,937","32,937","32,937","32,937","1.00K","0.00%"
"05/10/2022","32,937","31,840","32,937","31,840","0.50K","3.45%"
"05/09/2022","31,840","38,810","38,810","31,840","6.25K","-9.82%"
"05/05/2022","35,307","33,609","35,307","33,079","1.25K","3.74%"
"05/04/2022","34,034","35,378","35,378","34,034","4.00K","-3.80%"
"04/29/2022","35,378","35,378","35,378","35,378","0.75K","-64.62%"
"04/27/2022","100,000","98,700","100,000","98,500","1.50K","1.42%"
"04/26/2022","98,600","90,000","98,600","90,000","1.20K","2.71%"
"04/25/2022","96,000","100,000","100,000","96,000","1.50K","-8.48%"
"04/22/2022","104,900","101,000","104,900","98,500","1.21K","1.55%"
"04/21/2022","103,300","102,000","103,300","102,000","1.00K","-0.10%"
"04/20/2022","103,400","96,000","105,000","96,000","0.80K","0.29%"
"04/19/2022","103,100","102,100","103,100","102,000","2.40K","-1.81%"
"04/18/2022","105,000","105,000","105,000","101,200","1.30K","-1.87%"
"04/15/2022","107,000","105,000","107,000","104,500","4.70K","-0.83%"
"04/14/2022","107,900","108,000","108,000","104,000","2.80K","-0.09%"
"04/13/2022","108,000","108,000","108,000","108,000","0.11K","0.09%"
"04/12/2022","107,900","105,000","107,900","105,000","1.10K","-0.09%"
"04/08/2022","108,000","108,000","108,000","107,000","10.20K","0.00%"
"04/07/2022","108,000","108,000","108,000","107,900","2.00K","0.00%"
"04/06/2022","108,000","108,000","108,000","108,000","0.60K","0.00%"
"04/05/2022","108,000","109,000","109,000","106,000","9.80K","-1.91%"
"04/04/2022","110,100","110,100","110,100","110,000","8.22K","0.09%"
"04/01/2022","110,000","107,700","110,400","107,700","3.30K","2.14%"
"03/31/2022","107,700","107,500","107,800","107,200","5.20K","0.19%"
"03/30/2022","107,500","107,500","108,000","107,500","3.02K","0.47%"
"03/29/2022","107,000","108,800","108,800","107,000","5.10K","0.00%"
"03/28/2022","107,000","110,500","110,500","106,000","3.80K","-2.46%"
"03/25/2022","109,700","110,300","110,300","109,700","0.50K","-0.54%"
"03/24/2022","110,300","110,500","110,500","110,000","3.71K","-4.91%"
"03/23/2022","116,000","116,000","116,000","116,000","5.60K","0.00%"
"03/22/2022","116,000","116,200","116,400","116,000","6.82K","0.00%"
"03/21/2022","116,000","114,500","116,500","114,000","19.23K","1.67%"
"03/18/2022","114,100","114,100","115,000","114,100","1.34K","0.09%"
"03/17/2022","114,000","115,000","115,000","114,000","1.11K","0.00%"
"03/16/2022","114,000","114,600","114,700","114,000","1.61K","-0.52%"
"03/15/2022","114,600","113,500","119,900","113,000","2.20K","-0.09%"
"03/14/2022","114,700","114,000","114,700","112,500","4.60K","0.00%"
"03/11/2022","114,700","119,400","119,400","114,500","1.01K","-3.94%"
"03/10/2022","119,400","120,600","120,600","119,400","0.30K","0.25%"
"03/08/2022","119,100","120,000","123,800","119,000","3.41K","4.02%"
"03/07/2022","114,500","114,000","114,500","114,000","1.70K","0.79%"
"03/04/2022","113,600","114,000","114,000","113,600","0.30K","-0.35%"
"03/03/2022","114,000","114,000","114,000","114,000","1.10K","1.15%"
"03/02/2022","112,700","112,900","112,900","112,700","0.92K","-0.27%"
"03/01/2022","113,000","113,000","113,000","113,000","0.13K","0.00%"
"02/28/2022","113,000","113,000","113,000","113,000","0.65K","-0.88%"
"02/25/2022","114,000","111,000","114,000","111,000","2.20K","1.79%"
"02/24/2022","112,000","112,000","112,000","112,000","0.50K","0.00%"
"02/23/2022","112,000","112,000","112,000","112,000","0.10K","1.82%"
"02/21/2022","110,000","110,000","110,000","110,000","0.10K","3.77%"
"02/15/2022","106,000","106,000","106,000","106,000","0.10K","-3.64%"
"02/14/2022","110,000","110,000","110,000","110,000","0.50K","0.00%"
"02/08/2022","110,000","109,900","110,000","109,900","0.31K","0.09%"
"02/07/2022","109,900","109,900","109,900","109,900","0.10K","0.00%"
"01/28/2022","109,900","105,000","110,000","105,000","0.31K","-0.09%"
"01/26/2022","110,000","110,000","110,000","110,000","0.40K","-0.81%"
"01/21/2022","110,900","110,900","110,900","110,900","0.35K","2.69%"
"01/20/2022","108,000","108,000","108,000","108,000","0.10K","0.00%"
"01/19/2022","108,000","108,000","108,000","108,000","0.10K","0.00%"
"01/18/2022","108,000","108,000","108,000","108,000","0.40K","-4.26%"
"01/17/2022","112,800","114,000","114,000","105,100","0.45K","-1.05%"
"01/14/2022","114,000","114,000","114,000","114,000","0.10K","9.62%"
"01/13/2022","104,000","110,000","114,000","104,000","8.20K","-5.45%"
"01/10/2022","110,000","110,100","116,000","105,200","3.40K","-5.17%"
"01/05/2022","116,000","116,000","116,000","116,000","0.10K","0.00%"
"01/04/2022","116,000","104,800","116,000","104,800","2.51K","2.65%"
"12/28/2021","113,000","113,000","113,000","113,000","0.22K","0.00%"
"12/27/2021","113,000","113,000","113,000","113,000","0.70K","2.73%"
"12/23/2021","110,000","110,000","110,000","110,000","0.20K","-2.65%"
"12/22/2021","113,000","110,000","113,000","110,000","1.10K","1.25%"
"12/21/2021","111,600","111,600","111,600","111,600","0.20K","-0.80%"
"12/17/2021","112,500","110,000","112,500","110,000","0.42K","-3.02%"
"12/16/2021","116,000","116,000","116,000","116,000","0.13K","0.87%"
"12/15/2021","115,000","115,000","115,000","115,000","0.20K","0.00%"
"12/14/2021","115,000","113,000","115,000","113,000","1.00K","1.77%"
"12/10/2021","113,000","112,500","113,000","112,500","0.50K","0.00%"
"12/09/2021","113,000","113,000","113,000","113,000","1.30K","0.00%"
"12/08/2021","113,000","113,000","113,000","113,000","0.20K","0.44%"
"12/07/2021","112,500","112,500","112,500","112,000","0.30K","0.00%"
"12/06/2021","112,500","112,600","112,600","112,500","0.40K","-0.09%"
"12/03/2021","112,600","112,800","112,800","112,600","0.50K","-0.18%"
"12/02/2021","112,800","112,800","112,800","112,800","0.40K","-3.59%"
"11/29/2021","117,000","117,000","117,000","117,000","0.40K","0.00%"
"11/26/2021","117,000","114,800","117,000","114,800","2.70K","1.92%"
"11/25/2021","114,800","115,000","115,000","114,800","1.34K","0.17%"
"11/24/2021","114,600","114,600","116,000","114,500","8.00K","0.09%"
"11/23/2021","114,500","114,900","114,900","114,500","10.18K","-0.35%"
"11/22/2021","114,900","114,900","114,900","114,900","6.51K","0.00%"
"11/19/2021","114,900","103,500","117,500","103,500","1.40K","0.00%"
"11/18/2021","114,900","115,100","115,100","114,900","1.20K","-0.09%"
"11/17/2021","115,000","115,100","116,500","115,000","4.53K","0.00%"
"11/16/2021","115,000","115,000","115,000","115,000","0.10K","-3.36%"
"11/12/2021","119,000","104,100","119,000","104,100","0.30K","2.94%"
"11/11/2021","115,600","115,600","115,600","115,000","4.11K","0.00%"
"11/10/2021","115,600","104,200","115,600","104,200","3.20K","0.00%"
"11/09/2021","115,600","115,600","115,600","115,600","0.60K","9.99%"
"11/08/2021","105,100","105,100","105,100","105,100","0.10K","-9.47%"
"11/04/2021","116,100","104,400","116,100","104,400","0.51K","0.09%"
"11/03/2021","116,000","116,000","116,000","115,500","0.40K","-1.61%"
"11/01/2021","117,900","116,000","117,900","116,000","0.42K","1.64%"
"10/29/2021","116,000","116,000","116,000","116,000","1.00K","0.00%"
"10/28/2021","116,000","116,000","116,000","116,000","0.10K","0.00%"
"10/27/2021","116,000","116,000","116,000","116,000","0.32K","0.00%"
"10/26/2021","116,000","116,000","116,000","116,000","0.10K","0.00%"
"10/25/2021","116,000","116,000","116,000","115,800","1.60K","0.00%"
"10/22/2021","116,000","114,000","116,000","114,000","0.20K","0.00%"
"10/20/2021","116,000","113,000","119,000","112,600","0.60K","0.87%"
"10/19/2021","115,000","132,000","132,000","115,000","0.20K","-4.17%"
"10/15/2021","120,000","126,500","126,500","118,000","3.76K","4.35%"
"10/14/2021","115,000","115,000","115,000","115,000","0.20K","-0.86%"
"10/13/2021","116,000","116,000","116,000","116,000","0.30K","0.00%"
"10/12/2021","116,000","116,000","116,000","116,000","1.00K","-1.53%"
"10/11/2021","117,800","117,800","117,800","117,800","0.10K","0.68%"
"10/08/2021","117,000","117,000","117,000","117,000","0.20K","0.00%"
"10/07/2021","117,000","117,900","117,900","117,000","1.02K","-0.76%"
"10/05/2021","117,900","117,900","117,900","117,900","0.40K","-0.08%"
"10/04/2021","118,000","118,000","118,000","118,000","1.30K","0.00%"
"10/01/2021","118,000","118,000","118,000","118,000","0.20K","1.29%"
"09/29/2021","116,500","116,500","116,500","116,500","0.10K","0.00%"
"09/28/2021","116,500","116,500","116,500","116,500","0.10K","-1.10%"
"09/27/2021","117,800","118,000","118,000","117,800","0.80K","-0.17%"
"09/24/2021","118,000","118,000","118,000","118,000","1.71K","-0.51%"
"09/23/2021","118,600","118,000","118,600","118,000","0.21K","1.37%"
"09/22/2021","117,000","117,000","117,000","117,000","0.50K","-0.76%"
"09/21/2021","117,900","118,000","118,000","116,500","1.00K","-0.08%"
"09/20/2021","118,000","118,000","118,000","117,000","1.91K","0.43%"
"09/17/2021","117,500","117,500","117,500","117,500","0.80K","-2.08%"
"09/14/2021","120,000","120,000","120,000","120,000","1.04K","0.00%"
"09/10/2021","120,000","120,000","120,000","120,000","0.11K","0.00%"
"09/09/2021","120,000","119,900","120,000","119,900","1.50K","0.84%"
"09/08/2021","119,000","116,500","120,100","116,500","0.80K","2.15%"
"09/07/2021","116,500","116,600","116,600","116,500","0.30K","0.00%"
"09/06/2021","116,500","116,500","116,600","116,400","1.33K","0.26%"
"09/01/2021","116,200","115,100","117,500","115,000","1.40K","-3.17%"
"08/31/2021","120,000","120,000","120,000","117,400","1.80K","3.45%"
"08/30/2021","116,000","116,000","116,000","116,000","1.21K","9.95%"
"08/27/2021","105,500","113,000","115,000","104,800","5.60K","-9.05%"
"08/26/2021","116,000","119,000","119,000","116,000","0.60K","-2.52%"
"08/24/2021","119,000","119,000","119,000","119,000","0.10K","0.00%"
"08/23/2021","119,000","119,000","119,000","119,000","0.20K","0.85%"
"08/20/2021","118,000","116,000","120,000","116,000","0.50K","0.00%"
"08/18/2021","118,000","116,600","118,000","116,600","0.40K","1.20%"
"08/17/2021","116,600","116,100","116,600","116,100","0.21K","0.95%"
"08/16/2021","115,500","115,500","115,500","115,500","0.20K","-5.94%"
"08/13/2021","122,800","122,800","122,800","122,800","1.10K","-0.16%"
"08/11/2021","123,000","123,000","123,000","123,000","0.41K","0.00%"
"08/10/2021","123,000","116,900","123,800","116,900","8.30K","5.13%"
"08/09/2021","117,000","117,000","117,000","115,000","0.90K","1.74%"
"08/05/2021","115,000","115,000","115,000","115,000","0.10K","0.17%"
"08/04/2021","114,800","113,000","114,800","113,000","0.30K","0.70%"
"08/03/2021","114,000","114,000","114,000","114,000","0.10K","-2.56%"
"08/02/2021","117,000","116,500","117,000","116,500","3.71K","6.17%"
"07/30/2021","110,200","106,600","110,200","106,600","1.40K","-6.61%"
"07/28/2021","118,000","118,000","118,000","118,000","0.71K","0.00%"
"07/26/2021","118,000","117,500","118,000","117,500","0.30K","0.43%"
"07/23/2021","117,500","117,500","117,500","117,500","0.67K","0.00%"
"07/20/2021","117,500","115,500","117,500","115,000","1.20K","2.17%"
"07/19/2021","115,000","117,000","117,000","115,000","1.50K","-2.54%"
"07/16/2021","118,000","120,000","120,000","118,000","0.40K","2.08%"
"07/15/2021","115,600","115,700","115,700","115,600","2.00K","-3.67%"
"07/14/2021","120,000","121,000","121,000","120,000","1.60K","-2.04%"
"07/13/2021","122,500","123,000","123,000","120,000","0.40K","2.08%"
"07/12/2021","120,000","120,000","120,000","119,000","8.30K","-2.83%"
"07/08/2021","123,500","123,100","123,500","110,700","2.74K","0.41%"
"07/07/2021","123,000","116,000","123,000","116,000","6.51K","3.27%"
"07/06/2021","119,100","120,000","120,000","119,100","0.71K","-1.16%"
"07/05/2021","120,500","120,700","120,700","120,000","0.80K","-2.03%"
"07/02/2021","123,000","120,000","123,000","119,500","10.20K","2.50%"
"07/01/2021","120,000","117,500","120,000","117,500","1.13K","1.69%"
"06/30/2021","118,000","116,500","118,000","116,300","1.60K","1.46%"
"06/29/2021","116,300","115,000","116,300","115,000","1.93K","-0.17%"
"06/28/2021","116,500","115,500","116,500","115,500","0.30K","0.87%"
"06/25/2021","115,500","115,000","115,500","114,500","1.40K","0.43%"
"06/24/2021","115,000","115,000","115,100","115,000","1.21K","-0.86%"
"06/23/2021","116,000","116,000","116,000","116,000","1.60K","0.00%"
"06/22/2021","116,000","115,000","116,000","115,000","0.80K","0.00%"
"06/21/2021","116,000","116,000","116,000","116,000","0.44K","-1.53%"
"06/18/2021","117,800","117,800","117,800","117,800","0.10K","0.08%"
"06/17/2021","117,700","114,000","117,700","114,000","0.34K","4.07%"
"06/16/2021","113,100","116,700","116,700","110,600","0.90K","-1.22%"
"06/15/2021","114,500","115,300","115,600","114,500","4.40K","-0.61%"
"06/14/2021","115,200","115,200","115,200","115,200","0.10K","-1.54%"
"06/11/2021","117,000","117,500","117,500","116,000","0.50K","0.00%"
"06/10/2021","117,000","117,000","117,100","117,000","1.30K","-2.50%"
"06/09/2021","120,000","115,000","120,000","115,000","0.70K","0.84%"
"06/08/2021","119,000","120,000","120,000","119,000","4.30K","-1.24%"
"06/07/2021","120,500","121,000","123,000","120,400","4.15K","0.42%"
"06/04/2021","120,000","113,100","120,000","113,100","9.08K","6.10%"
"06/03/2021","113,100","113,600","113,600","113,000","1.01K","-0.44%"
"06/02/2021","113,600","113,600","113,600","113,600","0.10K","0.00%"
"06/01/2021","113,600","114,000","114,000","113,200","3.70K","0.09%"
"05/31/2021","113,500","114,500","114,600","113,500","4.30K","-0.87%"
"05/28/2021","114,500","115,000","115,000","114,500","2.03K","-0.43%"
"05/27/2021","115,000","106,200","115,000","106,200","2.40K","-2.54%"
"05/26/2021","118,000","119,000","119,000","117,500","1.31K","-0.84%"
"05/25/2021","119,000","119,000","120,000","119,000","0.70K","-0.75%"
"05/24/2021","119,900","115,000","120,000","115,000","0.41K","3.36%"
"05/21/2021","116,000","115,000","116,000","115,000","18.51K","0.87%"
"05/20/2021","115,000","115,000","115,000","114,000","10.30K","0.00%"
"05/19/2021","115,000","104,100","115,000","104,100","2.30K","0.00%"
"05/18/2021","115,000","115,000","115,000","115,000","2.10K","0.00%"
"05/17/2021","115,000","115,000","115,000","114,100","4.22K","0.00%"
"05/14/2021","115,000","115,000","115,000","113,100","6.40K","0.00%"
"05/13/2021","115,000","113,000","115,000","113,000","1.13K","2.31%"
"05/12/2021","112,400","112,000","112,400","112,000","0.50K","1.26%"
"05/11/2021","111,000","111,000","111,000","111,000","0.27K","0.45%"
"05/10/2021","110,500","103,500","118,000","103,500","5.60K","-3.91%"
"05/07/2021","115,000","115,000","115,500","115,000","2.20K","-0.86%"
"05/06/2021","116,000","115,000","116,000","115,000","3.11K","-0.77%"
"05/05/2021","116,900","102,600","117,000","102,600","2.75K","2.54%"
"05/04/2021","114,000","115,100","115,100","114,000","3.80K","-0.87%"
"04/29/2021","115,000","115,000","115,000","115,000","","-1.71%"
"04/28/2021","117,000","114,000","117,000","113,000","1.32K","2.63%"
"04/27/2021","114,000","114,000","114,000","113,000","2.30K","0.00%"
"04/26/2021","114,000","113,000","116,900","113,000","3.20K","0.88%"
"04/23/2021","113,000","117,500","117,500","112,500","2.00K","-3.42%"
"04/22/2021","117,000","118,200","118,200","117,000","4.41K","-1.02%"
"04/20/2021","118,200","120,000","120,000","118,200","1.60K","0.17%"
"04/19/2021","118,000","120,000","120,000","117,000","4.91K","-1.67%"
"04/16/2021","120,000","120,000","120,000","118,100","1.90K","-0.17%"
"04/15/2021","120,200","120,000","120,200","120,000","1.11K","0.25%"
"04/14/2021","119,900","121,000","125,000","119,800","5.07K","-0.91%"
"04/13/2021","121,000","124,400","124,400","121,000","2.00K","-2.73%"
"04/12/2021","124,400","124,500","125,000","124,300","6.44K","-0.08%"
"04/09/2021","124,500","124,600","128,000","124,500","12.71K","0.00%"
"04/08/2021","124,500","124,500","124,500","124,500","1.71K","0.08%"
"04/07/2021","124,400","125,400","126,000","123,000","1.68K","-0.80%"
"04/06/2021","125,400","126,000","126,000","125,400","1.90K","-0.48%"
"04/05/2021","126,000","126,000","127,500","125,500","3.51K","-1.25%"
"04/02/2021","127,600","126,500","130,000","124,000","3.50K","0.08%"
"04/01/2021","127,500","122,000","128,000","122,000","3.63K","-1.16%"
"03/31/2021","129,000","129,100","129,100","119,000","7.20K","-0.08%"
"03/30/2021","129,100","130,400","132,300","129,000","8.61K","-3.66%"
"03/29/2021","134,000","134,100","135,500","133,100","6.30K","-2.47%"
"03/26/2021","137,400","142,000","142,000","134,900","6.95K","-4.25%"
"03/25/2021","143,500","143,000","143,500","142,000","14.91K","0.35%"
"03/24/2021","143,000","144,400","144,400","142,200","18.94K","0.00%"
"03/23/2021","143,000","142,600","143,600","142,000","12.20K","0.28%"
"03/22/2021","142,600","138,300","144,000","138,300","10.13K","3.18%"
"03/19/2021","138,200","140,000","140,000","138,200","6.01K","-0.86%"
"03/18/2021","139,400","138,600","140,000","138,300","10.60K","-0.78%"
"03/17/2021","140,500","141,000","141,000","139,800","8.53K","0.36%"
"03/16/2021","140,000","140,000","141,000","138,000","6.80K","0.07%"
"03/15/2021","139,900","142,000","143,900","137,500","15.59K","0.00%"
"03/12/2021","139,900","148,000","148,000","137,000","17.50K","-5.47%"
"03/11/2021","148,000","148,000","159,700","148,000","24.95K","1.93%"
"03/10/2021","145,200","138,000","145,200","138,000","35.40K","10.00%"
"03/09/2021","132,000","123,800","132,000","123,800","28.08K","10.00%"
"03/08/2021","120,000","116,900","123,500","116,900","1.05K","5.08%"
"03/05/2021","114,200","114,000","114,200","114,000","0.42K","-0.70%"
"03/04/2021","115,000","114,300","115,000","114,200","1.20K","0.88%"
"03/03/2021","114,000","114,000","114,000","114,000","1.02K","-0.87%"
"03/02/2021","115,000","112,200","115,000","112,000","1.70K","2.50%"
"03/01/2021","112,200","112,000","115,000","112,000","0.61K","0.18%"
"02/26/2021","112,000","113,000","113,000","112,000","1.70K","1.82%"
"02/25/2021","110,000","108,400","110,900","108,400","2.63K","1.38%"
"02/24/2021","108,500","108,000","108,500","108,000","1.66K","-1.09%"
"02/23/2021","109,700","106,000","109,700","106,000","2.70K","4.48%"
"02/22/2021","105,000","105,000","108,000","105,000","1.24K","0.96%"
"02/19/2021","104,000","101,900","104,000","101,900","1.51K","3.07%"
"02/18/2021","100,900","99,500","101,000","99,500","4.04K","1.31%"
"02/17/2021","99,600","96,200","99,600","96,200","1.36K","0.00%"
"02/09/2021","99,600","99,100","100,000","99,100","0.31K","-0.40%"
"02/08/2021","100,000","98,900","100,000","98,900","2.11K","1.01%"
"02/05/2021","99,000","94,500","99,000","94,500","0.40K","4.87%"
"02/04/2021","94,400","94,400","94,400","94,400","0.10K","-4.74%"
"02/03/2021","99,100","98,700","99,100","98,700","0.60K","0.10%"
"02/02/2021","99,000","100,000","100,000","99,000","1.18K","0.00%"
"02/01/2021","99,000","99,000","102,000","99,000","1.50K","0.10%"
"01/29/2021","98,900","98,900","98,900","98,900","0.13K","5.21%"
"01/28/2021","94,000","90,000","94,000","89,100","3.81K","-4.95%"
"01/27/2021","98,900","101,000","101,000","98,900","0.30K","-5.81%"
"01/26/2021","105,000","104,000","107,900","104,000","1.22K","1.94%"
"01/25/2021","103,000","98,000","107,800","98,000","2.25K","5.10%"
"01/22/2021","98,000","98,000","98,000","98,000","2.03K","5.38%"
"01/21/2021","93,000","89,500","93,000","89,500","1.94K","0.65%"
"01/20/2021","92,400","90,000","92,400","90,000","3.60K","2.67%"
"01/19/2021","90,000","89,200","90,000","88,300","18.81K","1.01%"
"01/18/2021","89,100","88,100","89,100","88,100","5.89K","0.11%"
"01/15/2021","89,000","88,000","89,000","88,000","20.00K","5.95%"
"01/14/2021","84,000","88,000","88,000","84,000","12.84K","-4.55%"
"01/13/2021","88,000","88,500","88,500","88,000","4.70K","-0.56%"
"01/12/2021","88,500","88,500","88,500","88,500","2.80K","0.00%"
"01/11/2021","88,500","88,000","88,500","88,000","0.30K","-1.67%"
"01/08/2021","90,000","86,500","90,000","86,000","8.40K","2.86%"
"01/07/2021","87,500","87,500","87,500","87,000","1.00K","0.57%"
"01/06/2021","87,000","78,300","87,000","78,300","0.91K","0.00%"
"01/05/2021","87,000","87,000","87,000","87,000","0.33K","0.23%"
"01/04/2021","86,800","86,800","87,000","86,800","1.43K","0.00%"
"12/31/2020","86,800","78,200","86,800","78,200","0.79K","0.00%"
"12/30/2020","86,800","85,500","86,900","85,500","10.79K","3.09%"
"12/29/2020","84,200","84,200","84,200","84,200","0.12K","0.00%"
"12/28/2020","84,200","77,400","84,200","77,400","0.54K","-2.09%"
"12/24/2020","86,000","85,000","86,000","85,000","6.10K","3.61%"
"12/23/2020","83,000","83,000","83,000","83,000","0.15K","1.22%"
"12/22/2020","82,000","82,000","82,000","82,000","0.10K","-4.65%"
"12/21/2020","86,000","86,000","86,000","86,000","0.11K","1.18%"
"12/17/2020","85,000","85,000","85,000","85,000","0.20K","0.00%"
"12/16/2020","85,000","85,100","85,300","85,000","1.35K","-1.16%"
"12/15/2020","86,000","84,600","86,000","84,600","3.70K","1.78%"
"12/14/2020","84,500","83,200","84,500","83,200","2.80K","1.81%"
"12/11/2020","83,000","82,500","83,000","82,500","1.26K","0.12%"
"12/10/2020","82,900","82,900","82,900","82,900","0.10K","0.48%"
"12/09/2020","82,500","82,900","82,900","82,000","5.40K","0.61%"
"12/08/2020","82,000","82,900","82,900","82,000","2.21K","0.00%"
"12/07/2020","82,000","81,800","82,000","81,600","2.30K","0.49%"
"12/04/2020","81,600","82,000","82,000","81,500","2.60K","0.12%"
"12/03/2020","81,500","81,500","81,500","81,500","0.10K","0.00%"
"12/02/2020","81,500","81,500","81,500","81,500","0.11K","-1.81%"
"11/30/2020","83,000","83,000","83,000","83,000","2.00K","0.00%"
"11/27/2020","83,000","83,000","83,000","83,000","3.70K","1.10%"
"11/26/2020","82,100","82,000","83,000","82,000","9.35K","0.12%"
"11/25/2020","82,000","82,000","82,000","82,000","1.60K","0.00%"
"11/24/2020","82,000","82,000","82,000","82,000","1.12K","0.00%"
"11/23/2020","82,000","80,000","82,000","80,000","1.41K","3.67%"
"11/19/2020","79,100","79,100","79,100","79,100","0.13K","-5.72%"
"11/16/2020","83,900","83,900","83,900","83,900","0.21K","-0.12%"
"11/13/2020","84,000","85,000","86,000","84,000","1.70K","-1.18%"
"11/12/2020","85,000","84,000","85,000","84,000","14.14K","1.19%"
"11/11/2020","84,000","76,100","84,000","76,100","7.30K","1.20%"
"11/10/2020","83,000","80,000","83,000","80,000","0.40K","5.06%"
"11/09/2020","79,000","79,000","79,000","79,000","0.54K","2.60%"
"11/06/2020","77,000","82,000","82,000","77,000","1.70K","-6.10%"
"11/05/2020","82,000","82,100","82,100","82,000","2.10K","-0.12%"
"11/04/2020","82,100","83,500","83,500","82,100","0.40K","-1.08%"
"11/03/2020","83,000","83,000","83,000","83,000","2.30K","0.97%"
"11/02/2020","82,200","82,000","82,500","82,000","0.40K","0.24%"
"10/30/2020","82,000","79,900","83,000","79,900","7.40K","1.23%"
"10/29/2020","81,000","81,000","81,000","81,000","0.50K","-0.61%"
"10/28/2020","81,500","81,600","81,600","81,500","5.30K","0.00%"
"10/27/2020","81,500","75,100","81,500","75,100","0.40K","-0.61%"
"10/26/2020","82,000","82,500","83,000","82,000","2.35K","0.61%"
"10/23/2020","81,500","82,500","82,500","81,500","2.10K","0.00%"
"10/22/2020","81,500","81,500","81,500","81,500","5.00K","5.71%"
"10/21/2020","77,100","81,000","81,000","77,000","8.15K","-4.81%"
"10/20/2020","81,000","82,400","82,500","81,000","14.40K","-1.70%"
"10/19/2020","82,400","77,500","82,600","77,500","7.40K","-0.24%"
"10/16/2020","82,600","82,600","82,600","82,600","0.10K","4.56%"
"10/15/2020","79,000","71,100","79,000","71,100","0.60K","0.00%"
"10/14/2020","79,000","79,000","79,000","79,000","1.20K","-1.25%"
"10/13/2020","80,000","81,000","81,000","79,000","0.75K","3.76%"
"10/12/2020","77,100","74,700","77,100","74,700","0.20K","-7.11%"
"10/09/2020","83,000","73,100","83,900","73,100","0.30K","6.41%"
"10/07/2020","78,000","75,400","78,000","75,400","0.20K","-6.81%"
"10/06/2020","83,700","83,000","83,700","83,000","13.20K","0.84%"
"10/05/2020","83,000","83,100","83,200","83,000","2.85K","0.00%"
"10/02/2020","83,000","78,500","83,000","78,500","12.26K","6.41%"
"10/01/2020","78,000","77,000","78,400","77,000","4.15K","1.56%"
"09/30/2020","76,800","76,800","76,800","76,800","2.21K","-1.79%"
"09/29/2020","78,200","76,000","78,200","76,000","6.00K","2.89%"
"09/28/2020","76,000","75,300","76,000","75,200","8.70K","1.06%"
"09/25/2020","75,200","76,000","76,000","75,200","3.14K","0.27%"
"09/24/2020","75,000","75,000","75,500","75,000","12.50K","0.00%"
"09/23/2020","75,000","76,000","76,000","75,000","0.50K","0.00%"
"09/22/2020","75,000","74,900","75,000","74,900","3.90K","0.13%"
"09/21/2020","74,900","74,900","75,000","74,900","1.41K","-0.13%"
"09/18/2020","75,000","74,900","75,000","74,900","0.50K","0.13%"
"09/17/2020","74,900","73,500","74,900","73,500","8.00K","1.90%"
"09/15/2020","73,500","74,000","74,000","73,200","2.59K","0.41%"
"09/11/2020","73,200","73,200","73,200","73,200","0.10K","0.14%"
"09/10/2020","73,100","73,100","73,100","73,100","11.61K","0.00%"
"09/09/2020","73,100","73,100","73,100","73,100","0.22K","0.00%"
"09/08/2020","73,100","73,100","73,100","73,100","0.10K","-2.53%"
"09/07/2020","75,000","75,000","75,000","75,000","0.40K","0.00%"
"09/04/2020","75,000","74,500","75,000","74,000","6.15K","1.35%"
"09/03/2020","74,000","74,000","74,500","74,000","4.05K","0.00%"
"09/01/2020","74,000","74,000","74,000","74,000","3.18K","0.68%"
"08/31/2020","73,500","72,700","73,500","72,700","3.45K","0.14%"
"08/28/2020","73,400","73,000","73,400","73,000","3.50K","0.55%"
"08/27/2020","73,000","72,000","73,000","71,500","2.33K","1.39%"
"08/25/2020","72,000","73,000","73,000","71,000","1.33K","-0.69%"
"08/24/2020","72,500","71,900","72,500","71,900","3.75K","1.40%"
"08/21/2020","71,500","70,500","71,500","70,500","0.55K","0.00%"
"08/19/2020","71,500","71,500","71,500","71,500","0.42K","0.00%"
"08/18/2020","71,500","71,000","72,000","71,000","1.10K","0.56%"
"08/17/2020","71,100","71,000","71,100","71,000","0.63K","0.14%"
"08/14/2020","71,000","71,000","72,500","71,000","2.39K","1.43%"
"08/12/2020","70,000","71,000","71,000","70,000","0.20K","0.14%"
"08/11/2020","69,900","69,100","70,000","69,100","0.73K","-2.78%"
"08/10/2020","71,900","72,700","72,700","71,900","0.20K","-1.10%"
"08/06/2020","72,700","71,500","72,900","71,500","2.08K","1.68%"
"08/05/2020","71,500","70,100","71,500","70,100","5.20K","2.14%"
"08/04/2020","70,000","69,500","70,000","69,500","1.31K","1.30%"
"07/31/2020","69,100","69,200","69,200","69,100","4.40K","0.00%"
"07/30/2020","69,100","68,000","69,100","68,000","1.14K","-1.99%"
"07/29/2020","70,500","67,500","70,500","67,500","0.24K","4.44%"
"07/28/2020","67,500","68,000","68,000","67,500","0.24K","0.75%"
"07/27/2020","67,000","69,900","70,000","66,000","4.80K","-4.29%"
"07/24/2020","70,000","70,000","70,000","68,000","2.33K","0.00%"
"07/23/2020","70,000","70,000","70,000","70,000","0.50K","0.00%"
"07/22/2020","70,000","68,000","70,000","65,000","3.05K","-0.71%"
"07/21/2020","70,500","70,500","70,500","70,500","1.50K","0.71%"
"07/20/2020","70,000","70,000","70,500","70,000","10.14K","0.00%"
"07/17/2020","70,000","70,900","70,900","70,000","2.76K","0.00%"
"07/15/2020","70,000","70,000","70,000","70,000","0.20K","-1.41%"
"07/14/2020","71,000","71,000","71,000","71,000","0.50K","2.16%"
"07/13/2020","69,500","72,000","72,500","69,500","2.20K","-3.47%"
"07/09/2020","72,000","71,000","72,000","71,000","2.92K","1.41%"
"07/08/2020","71,000","70,000","72,000","70,000","5.22K","0.00%"
"07/07/2020","71,000","71,000","71,000","69,000","3.20K","0.00%"
"07/06/2020","71,000","69,500","71,000","68,000","4.46K","0.00%"
"07/03/2020","71,000","68,000","71,000","68,000","1.10K","4.41%"
"07/02/2020","68,000","67,900","68,000","67,900","0.76K","0.00%"
"07/01/2020","68,000","68,000","68,500","68,000","6.50K","0.74%"
"06/30/2020","67,500","65,900","67,500","65,900","11.55K","2.27%"
"06/29/2020","66,000","66,000","66,000","65,000","3.95K","-2.94%"
"06/25/2020","68,000","67,700","68,000","67,300","1.31K","0.00%"
"06/24/2020","68,000","68,000","68,000","68,000","0.30K","0.00%"
"06/23/2020","68,000","70,000","70,000","68,000","1.10K","-0.73%"
"06/22/2020","68,500","68,500","68,700","67,500","4.93K","0.00%"
"06/19/2020","68,500","68,500","68,500","68,000","3.30K","0.74%"
"06/18/2020","68,000","65,800","68,000","65,800","12.20K","1.64%"
"06/17/2020","66,900","67,000","67,000","66,000","6.38K","0.00%"
"06/16/2020","66,900","67,000","67,000","66,900","0.75K","-0.15%"
"06/15/2020","67,000","65,200","67,000","65,200","2.04K","2.76%"
"06/12/2020","65,200","65,200","65,200","65,200","3.68K","-1.06%"
"06/11/2020","65,900","68,000","68,000","65,900","13.83K","-1.64%"
"06/10/2020","67,000","69,900","69,900","67,000","18.88K","-4.15%"
"06/09/2020","69,900","70,000","70,000","69,200","2.85K","1.16%"
"06/08/2020","69,100","71,000","71,000","68,000","13.26K","-2.68%"
"06/05/2020","71,000","72,000","72,000","69,000","10.19K","-2.47%"
"06/04/2020","72,800","74,000","74,000","72,700","4.44K","-1.62%"
"06/03/2020","74,000","78,000","78,000","71,700","6.08K","-10.84%"
"06/02/2020","83,000","83,000","83,500","82,900","21.30K","-1.66%"
"06/01/2020","84,400","85,000","85,800","82,500","15.65K","1.08%"
"05/29/2020","83,500","81,000","85,000","81,000","5.05K","3.09%"
"05/28/2020","81,000","81,500","81,500","81,000","4.62K","0.00%"
"05/27/2020","81,000","79,500","82,200","79,500","11.12K","-1.82%"
"05/26/2020","82,500","83,000","83,000","82,000","13.01K","-0.60%"
"05/25/2020","83,000","86,000","86,500","83,000","15.81K","-2.70%"
"05/22/2020","85,300","83,500","90,600","83,500","20.63K","3.52%"
"05/21/2020","82,400","75,200","82,500","75,200","63.90K","9.87%"
"05/20/2020","75,000","75,000","75,000","75,000","2.00K","0.00%"
"05/19/2020","75,000","76,900","76,900","74,500","1.84K","0.67%"
"05/18/2020","74,500","74,500","74,500","74,500","0.52K","0.00%"
"05/15/2020","74,500","72,300","74,500","72,300","5.61K","3.04%"
"05/14/2020","72,300","69,500","72,300","69,500","2.31K","4.03%"
"05/13/2020","69,500","69,000","69,500","68,700","3.10K","0.00%"
"05/12/2020","69,500","69,100","69,500","69,100","0.21K","-0.57%"
"05/11/2020","69,900","68,000","69,900","68,000","3.27K","4.33%"
"05/08/2020","67,000","67,000","67,000","67,000","0.10K","-2.90%"
"05/07/2020","69,000","68,800","69,000","68,800","3.00K","0.00%"
"05/06/2020","69,000","67,000","69,000","67,000","1.70K","5.34%"
"05/04/2020","65,500","65,500","65,500","65,500","0.40K","0.00%"
"04/29/2020","65,500","65,500","65,500","65,500","0.10K","0.46%"
"04/28/2020","65,200","66,000","66,000","65,200","1.79K","-1.21%"
"04/27/2020","66,000","67,000","67,000","66,000","1.21K","1.54%"
"04/24/2020","65,000","65,000","65,000","65,000","0.21K","-0.31%"
"04/23/2020","65,200","65,200","65,200","65,200","0.25K","0.31%"
"04/22/2020","65,000","65,000","65,000","65,000","0.41K","0.00%"
"04/21/2020","65,000","65,000","65,000","65,000","1.11K","0.00%"
"04/20/2020","65,000","65,000","65,000","65,000","5.30K","0.00%"
"04/17/2020","65,000","65,000","65,000","65,000","0.80K","1.56%"
"04/16/2020","64,000","64,500","64,500","64,000","1.30K","0.00%"
"04/14/2020","64,000","63,500","64,000","63,500","0.70K","5.09%"
"04/10/2020","60,900","63,000","63,000","60,900","0.50K","-4.84%"
"04/08/2020","64,000","64,000","64,000","64,000","4.75K","-7.25%"
"04/06/2020","69,000","63,000","69,000","63,000","1.38K","9.52%"
"04/03/2020","63,000","63,000","63,000","63,000","3.50K","0.00%"
"03/31/2020","63,000","63,000","63,000","63,000","0.19K","0.00%"
"03/30/2020","63,000","62,000","63,000","61,000","18.41K","1.61%"
"03/27/2020","62,000","65,000","65,000","62,000","0.23K","-4.62%"
"03/26/2020","65,000","65,000","65,100","65,000","6.10K","0.00%"
"03/25/2020","65,000","65,000","65,000","65,000","0.57K","4.84%"
"03/24/2020","62,000","63,000","63,000","62,000","5.19K","-3.13%"
"03/23/2020","64,000","64,000","64,000","64,000","0.80K","-4.48%"
"03/20/2020","67,000","67,000","67,000","67,000","16.00K","0.00%"
"03/19/2020","67,000","66,000","67,500","66,000","2.61K","3.08%"
"03/16/2020","65,000","65,000","65,200","65,000","5.01K","0.15%"
"03/13/2020","64,900","65,000","65,000","64,900","4.35K","-0.92%"
"03/12/2020","65,500","65,500","65,600","65,500","0.80K","-4.38%"
"03/11/2020","68,500","69,000","69,000","68,500","3.40K","-0.72%"
"03/10/2020","69,000","69,000","69,000","69,000","4.35K","-1.43%"
"03/09/2020","70,000","70,200","70,200","70,000","1.34K","-1.41%"
"03/06/2020","71,000","71,000","71,000","71,000","10.10K","1.14%"
"03/05/2020","70,200","70,200","70,200","70,200","0.10K","-1.13%"
"03/04/2020","71,000","71,000","71,000","71,000","0.11K","0.00%"
"03/03/2020","71,000","71,000","71,000","71,000","7.10K","0.00%"
"03/02/2020","71,000","72,600","72,600","71,000","16.40K","-2.20%"
"02/28/2020","72,600","72,600","72,600","72,600","0.10K","2.98%"
"02/26/2020","70,500","70,500","70,500","70,500","0.51K","-0.70%"
"02/25/2020","71,000","71,000","71,000","71,000","1.90K","0.71%"
"02/24/2020","70,500","70,500","70,500","70,500","0.11K","0.71%"
"02/21/2020","70,000","70,000","70,300","70,000","1.60K","-6.54%"
"02/19/2020","74,900","74,000","74,900","74,000","3.60K","0.27%"
"02/18/2020","74,700","74,700","74,700","74,700","0.11K","-0.13%"
"02/14/2020","74,800","74,800","74,800","74,800","0.24K","-0.13%"
"02/07/2020","74,900","74,900","74,900","74,900","0.13K","5.49%"
"02/05/2020","71,000","71,000","71,000","71,000","0.30K","0.00%"
"02/04/2020","71,000","75,000","75,000","71,000","1.12K","-4.05%"
"02/03/2020","74,000","74,000","74,000","74,000","0.12K","-1.33%"
"01/22/2020","75,000","74,000","75,000","74,000","14.60K","1.35%"
"01/21/2020","74,000","75,000","75,000","74,000","5.90K","-1.33%"
"01/17/2020","75,000","78,000","78,000","75,000","6.01K","0.00%"
"01/16/2020","75,000","75,000","75,000","75,000","0.10K","0.00%"
"01/15/2020","75,000","74,500","75,000","74,500","9.51K","0.00%"
"01/14/2020","75,000","74,500","75,000","74,500","2.00K","5.63%"
"01/13/2020","71,000","71,000","71,000","71,000","0.21K","-5.33%"
"01/10/2020","75,000","74,000","75,000","74,000","4.50K","1.35%"
"01/09/2020","74,000","74,000","74,000","74,000","2.50K","0.00%"
"01/08/2020","74,000","71,000","74,000","71,000","0.65K","4.23%"
"01/07/2020","71,000","73,900","74,000","71,000","0.30K","0.00%"
"01/03/2020","71,000","71,000","71,000","71,000","0.20K","2.90%"
"01/02/2020","69,000","69,000","69,000","69,000","0.10K","-6.76%"
"12/27/2019","74,000","74,000","74,000","74,000","0.52K","0.00%"
"12/26/2019","74,000","74,000","74,000","74,000","2.00K","0.00%"
"12/25/2019","74,000","74,000","74,000","74,000","0.10K","0.00%"
"12/24/2019","74,000","74,000","74,000","74,000","2.00K","0.00%"
"12/23/2019","74,000","74,000","74,000","73,900","3.29K","-0.13%"
"12/20/2019","74,100","74,100","74,100","74,100","0.30K","0.00%"
"12/18/2019","74,100","74,000","74,100","74,000","3.33K","0.14%"
"12/17/2019","74,000","74,000","74,000","73,000","10.41K","1.37%"
"12/16/2019","73,000","72,500","73,000","72,500","1.70K","-7.36%"
"12/11/2019","78,800","66,500","78,800","66,500","0.45K","7.95%"
"12/09/2019","73,000","73,000","73,000","73,000","0.10K","0.00%"
"12/04/2019","73,000","72,000","73,000","72,000","0.36K","-0.68%"
"12/03/2019","73,500","73,500","73,500","73,500","0.26K","-0.68%"
"12/02/2019","74,000","70,000","74,000","70,000","2.31K","-3.90%"
"11/29/2019","77,000","72,000","77,000","72,000","6.50K","5.77%"
"11/28/2019","72,800","70,000","72,800","70,000","3.34K","1.11%"
"11/27/2019","72,000","70,500","72,000","70,500","5.51K","2.13%"
"11/26/2019","70,500","69,000","70,500","69,000","3.40K","0.71%"
"11/22/2019","70,000","70,000","70,000","70,000","1.49K","0.00%"
"11/21/2019","70,000","71,000","71,000","70,000","6.70K","-1.41%"
"11/20/2019","71,000","71,000","71,000","71,000","0.20K","-1.39%"
"11/19/2019","72,000","72,500","72,500","72,000","2.10K","-0.55%"
"11/18/2019","72,400","69,000","72,500","69,000","9.00K","4.93%"
"11/15/2019","69,000","69,000","69,000","69,000","3.80K","1.02%"
"11/14/2019","68,300","68,000","68,300","68,000","0.40K","1.94%"
"11/12/2019","67,000","65,900","67,000","65,900","4.60K","1.98%"
"11/11/2019","65,700","65,000","65,700","65,000","3.50K","1.86%"
"11/08/2019","64,500","64,500","64,500","64,500","0.51K","-0.46%"
"11/06/2019","64,800","64,800","64,800","64,800","0.80K","-1.82%"
"11/05/2019","66,000","66,000","66,000","66,000","0.20K","1.54%"
"11/04/2019","65,000","65,000","65,000","65,000","2.26K","0.00%"
"11/01/2019","65,000","64,000","65,000","64,000","5.01K","0.78%"
"10/31/2019","64,500","64,000","64,500","64,000","0.50K","0.00%"
"10/30/2019","64,500","63,700","64,500","63,700","1.60K","0.78%"
"10/29/2019","64,000","64,500","64,500","64,000","2.93K","0.00%"
"10/28/2019","64,000","64,000","64,000","64,000","2.41K","0.00%"
"10/24/2019","64,000","63,600","64,000","63,600","1.90K","0.00%"
"10/23/2019","64,000","63,500","64,000","63,500","3.50K","0.00%"
"10/22/2019","64,000","64,000","64,000","64,000","1.71K","0.00%"
"10/21/2019","64,000","64,600","64,600","64,000","3.56K","-0.78%"
"10/18/2019","64,500","64,500","64,500","64,500","0.80K","0.00%"
"10/17/2019","64,500","65,000","65,000","64,500","3.61K","-1.38%"
"10/16/2019","65,400","63,500","65,400","63,500","0.20K","3.48%"
"10/15/2019","63,200","63,200","63,200","63,200","0.11K","-2.02%"
"10/14/2019","64,500","65,000","65,000","64,500","4.85K","-0.77%"
"10/11/2019","65,000","65,400","65,400","65,000","0.33K","0.00%"
"10/10/2019","65,000","65,000","65,000","65,000","0.23K","2.36%"
"10/09/2019","63,500","63,500","63,500","63,500","0.78K","-0.78%"
"10/08/2019","64,000","63,500","64,000","63,500","1.97K","11.11%"
"10/07/2019","57,600","57,600","57,600","57,600","","-10.00%"
"10/04/2019","64,000","65,400","65,400","64,000","2.70K","-0.78%"
"10/03/2019","64,500","64,000","64,500","64,000","3.31K","0.78%"
"10/02/2019","64,000","64,600","64,600","64,000","2.21K","-2.29%"
"09/30/2019","65,500","66,000","66,000","65,000","2.10K","2.18%"
"09/27/2019","64,100","64,000","65,800","64,000","1.20K","0.16%"
"09/26/2019","64,000","62,600","64,000","62,600","8.46K","2.24%"
"09/25/2019","62,600","61,900","62,600","61,900","2.61K","1.13%"
"09/24/2019","61,900","62,000","62,000","61,700","4.60K","0.32%"
"09/23/2019","61,700","62,000","62,000","61,700","2.71K","-0.64%"
"09/20/2019","62,100","62,000","62,100","62,000","1.65K","0.16%"
"09/19/2019","62,000","62,000","62,000","62,000","0.83K","0.00%"
"09/18/2019","62,000","62,000","62,000","62,000","1.20K","0.00%"
"09/17/2019","62,000","62,000","62,300","62,000","1.94K","0.00%"
"09/16/2019","62,000","62,000","62,000","61,900","5.33K","0.00%"
"09/13/2019","62,000","63,000","63,000","62,000","1.31K","0.00%"
"09/12/2019","62,000","62,200","62,200","62,000","5.06K","-0.32%"
"09/11/2019","62,200","62,500","62,500","62,200","0.70K","-0.48%"
"09/10/2019","62,500","63,000","63,000","62,500","0.94K","-0.48%"
"09/09/2019","62,800","62,500","62,800","62,500","1.52K","0.80%"
"09/06/2019","62,300","62,500","62,500","62,300","1.71K","0.00%"
"09/05/2019","62,300","62,300","62,900","62,300","3.30K","0.00%"
"09/04/2019","62,300","62,000","62,300","62,000","1.50K","0.48%"
"09/03/2019","62,000","62,000","62,500","62,000","5.22K","0.00%"
"08/30/2019","62,000","62,500","62,500","62,000","3.35K","-0.80%"
"08/29/2019","62,500","62,500","62,500","62,000","4.21K","0.00%"
"08/28/2019","62,500","62,500","62,600","62,500","6.01K","0.64%"
"08/27/2019","62,100","62,500","62,500","61,600","5.10K","-0.48%"
"08/23/2019","62,400","62,500","62,500","62,400","0.26K","-0.32%"
"08/22/2019","62,600","62,600","62,600","62,600","1.71K","-1.26%"
"08/21/2019","63,400","63,400","63,400","63,400","2.92K","0.00%"
"08/20/2019","63,400","63,500","63,500","62,500","1.65K","-0.16%"
"08/19/2019","63,500","64,000","64,000","62,900","6.70K","0.00%"
"08/16/2019","63,500","63,200","63,500","63,000","4.26K","0.79%"
"08/15/2019","63,000","63,000","63,000","63,000","2.07K","0.00%"
"08/14/2019","63,000","62,500","63,000","62,500","5.30K","0.80%"
"08/13/2019","62,500","62,900","63,000","62,500","2.20K","-0.16%"
"08/12/2019","62,600","62,400","62,600","62,300","2.13K","0.16%"
"08/09/2019","62,500","62,200","62,500","62,100","0.31K","0.32%"
"08/08/2019","62,300","63,000","63,000","62,300","7.55K","-1.11%"
"08/07/2019","63,000","63,000","63,000","63,000","0.38K","-1.56%"
"08/06/2019","64,000","65,000","65,500","64,000","9.61K","-1.54%"
"08/05/2019","65,000","63,000","65,000","63,000","1.81K","0.31%"
"08/02/2019","64,800","65,000","65,000","64,500","3.15K","-0.31%"
"08/01/2019","65,000","62,000","65,000","62,000","12.82K","4.84%"
"07/31/2019","62,000","61,800","62,000","61,800","4.47K","0.98%"
"07/30/2019","61,400","62,000","62,000","61,400","3.20K","-0.97%"
"07/29/2019","62,000","62,000","62,000","62,000","2.06K","0.00%"
"07/26/2019","62,000","62,000","62,000","61,000","6.43K","0.00%"
"07/25/2019","62,000","62,000","62,100","62,000","18.90K","0.00%"
"07/24/2019","62,000","62,000","62,000","62,000","4.70K","0.00%"
"07/23/2019","62,000","63,800","63,800","62,000","1.27K","-2.36%"
"07/22/2019","63,500","62,500","64,000","62,400","10.81K","0.79%"
"07/19/2019","63,000","62,000","64,000","62,000","8.30K","1.61%"
"07/18/2019","62,000","62,100","62,100","62,000","2.76K","-1.59%"
"07/17/2019","63,000","63,000","63,000","63,000","0.10K","0.00%"
"07/16/2019","63,000","62,500","63,000","62,500","2.73K","0.80%"
"07/15/2019","62,500","62,000","62,500","62,000","0.46K","0.81%"
"07/12/2019","62,000","62,000","62,500","62,000","1.43K","-1.59%"
"07/11/2019","63,000","63,000","63,000","63,000","0.22K","-1.10%"
"07/10/2019","63,700","62,000","63,700","62,000","1.10K","2.74%"
"07/09/2019","62,000","62,000","62,000","61,700","4.61K","0.00%"
"07/08/2019","62,000","62,000","62,000","62,000","3.26K","0.00%"
"07/05/2019","62,000","62,000","62,000","61,700","7.16K","0.00%"
"07/04/2019","62,000","62,000","62,000","61,800","5.16K","0.00%"
"07/03/2019","62,000","62,000","62,000","62,000","2.58K","0.00%"
"07/02/2019","62,000","63,000","63,000","62,000","1.30K","0.00%"
"07/01/2019","62,000","62,000","62,000","62,000","2.30K","0.32%"
"06/28/2019","61,800","61,800","61,800","61,800","3.15K","0.00%"
"06/27/2019","61,800","61,800","61,800","61,800","0.10K","0.00%"
"06/26/2019","61,800","62,000","62,000","61,600","3.50K","0.49%"
"06/25/2019","61,500","63,000","63,000","61,500","14.20K","-2.23%"
"06/24/2019","62,900","63,500","63,500","62,000","4.97K","-0.16%"
"06/21/2019","63,000","63,000","63,000","63,000","3.00K","-1.25%"
"06/19/2019","63,800","62,000","63,800","61,500","2.10K","2.57%"
"06/18/2019","62,200","62,200","62,200","62,200","0.20K","-2.66%"
"06/17/2019","63,900","62,200","63,900","62,000","1.60K","1.43%"
"06/14/2019","63,000","62,000","64,000","61,500","3.96K","0.48%"
"06/13/2019","62,700","62,500","64,000","62,500","4.32K","-2.03%"
"06/12/2019","64,000","64,000","64,000","64,000","0.11K","3.06%"
"06/11/2019","62,100","62,000","62,100","62,000","3.30K","0.16%"
"06/10/2019","62,000","61,500","62,000","61,500","7.59K","0.81%"
"06/07/2019","61,500","61,000","61,500","61,000","3.16K","0.00%"
"06/06/2019","61,500","61,000","62,500","61,000","7.24K","0.00%"
"06/05/2019","61,500","61,500","62,500","61,500","12.91K","0.00%"
"06/04/2019","61,500","62,500","63,000","61,200","5.51K","-3.91%"
"06/03/2019","64,000","64,500","64,500","64,000","0.30K","-0.78%"
"05/31/2019","64,500","65,000","66,400","64,000","1.90K","-0.77%"
"05/29/2019","65,000","65,000","65,000","64,900","3.30K","0.00%"
"05/28/2019","65,000","66,100","66,100","65,000","6.83K","-2.55%"
"05/27/2019","66,700","66,000","66,800","66,000","6.70K","0.30%"
"05/24/2019","66,500","66,800","67,000","66,000","1.10K","-0.75%"
"05/23/2019","67,000","66,100","67,000","66,100","1.80K","1.36%"
"05/22/2019","66,100","66,500","66,700","66,100","3.11K","0.15%"
"05/21/2019","66,000","66,000","66,000","65,000","2.55K","-1.49%"
"05/20/2019","67,000","68,000","68,000","67,000","1.32K","-0.89%"
"05/17/2019","67,600","67,000","67,600","67,000","0.80K","2.42%"
"05/16/2019","66,000","66,900","66,900","66,000","2.00K","-0.75%"
"05/15/2019","66,500","66,500","67,000","66,500","6.60K","-1.04%"
"05/14/2019","67,200","68,100","68,100","67,200","3.60K","-1.32%"
"05/13/2019","68,100","68,000","68,800","68,000","2.14K","-0.58%"
"05/10/2019","68,500","68,000","69,000","68,000","1.90K","0.74%"
"05/09/2019","68,000","68,000","68,500","67,900","5.00K","0.00%"
"05/08/2019","68,000","69,000","69,000","68,000","3.88K","-4.23%"
"05/06/2019","71,000","71,000","71,000","71,000","0.90K","0.00%"
"05/03/2019","71,000","74,000","74,000","71,000","4.31K","0.42%"
"05/02/2019","70,700","71,354","71,447","70,700","7.02K","-0.92%"
"04/26/2019","71,354","70,980","71,447","70,980","1.90K","1.73%"
"04/25/2019","70,140","70,420","71,821","70,046","7.70K","-1.18%"
"04/24/2019","70,980","70,233","70,980","70,046","4.40K","0.00%"
"04/23/2019","70,980","71,447","71,447","70,980","2.11K","-0.65%"
"04/22/2019","71,447","71,634","71,727","71,354","4.51K","-8.64%"
"04/19/2019","78,200","77,200","78,200","77,000","2.62K","-0.13%"
"04/17/2019","78,300","79,000","79,000","77,400","3.63K","-0.76%"
"04/16/2019","78,900","79,000","79,000","78,900","1.50K","-0.63%"
"04/12/2019","79,400","80,000","80,000","79,000","0.74K","-0.75%"
"04/11/2019","80,000","78,000","80,000","78,000","6.73K","2.56%"
"04/10/2019","78,000","76,900","78,000","76,900","1.00K","1.43%"
"04/09/2019","76,900","75,100","77,200","75,100","1.00K","-0.52%"
"04/08/2019","77,300","77,500","77,500","74,500","6.25K","-0.64%"
"04/05/2019","77,800","79,500","79,500","77,800","4.92K","-2.14%"
"04/04/2019","79,500","80,000","80,000","79,500","1.02K","0.63%"
"04/03/2019","79,000","78,500","79,000","78,000","3.73K","0.00%"
"04/02/2019","79,000","80,000","80,000","78,000","1.20K","-1.25%"
"04/01/2019","80,000","69,200","80,000","69,200","11.10K","4.17%"
"03/29/2019","76,800","76,400","76,800","76,400","0.50K","-0.26%"
"03/28/2019","77,000","77,000","77,000","77,000","0.10K","-0.65%"
"03/27/2019","77,500","77,500","77,500","77,500","0.10K","1.97%"
"03/26/2019","76,000","76,100","76,100","75,500","4.21K","0.00%"
"03/25/2019","76,000","76,000","76,000","76,000","4.64K","0.00%"
"03/22/2019","76,000","75,600","76,000","75,600","2.80K","0.00%"
"03/21/2019","76,000","76,000","76,000","76,000","0.44K","0.00%"
"03/20/2019","76,000","74,500","76,000","74,500","1.55K","-0.39%"
"03/19/2019","76,300","76,500","76,500","75,600","1.41K","-0.26%"
"03/18/2019","76,500","76,500","76,500","76,500","0.34K","0.00%"
"03/15/2019","76,500","80,000","80,000","76,000","2.80K","0.79%"
"03/14/2019","75,900","77,000","77,000","75,700","9.67K","-0.13%"
"03/13/2019","76,000","76,000","76,000","75,600","7.41K","-0.65%"
"03/12/2019","76,500","76,000","76,500","75,600","14.21K","-1.29%"
"03/11/2019","77,500","77,600","77,600","76,000","6.41K","-0.13%"
"03/08/2019","77,600","77,000","77,800","77,000","6.22K","1.70%"
"03/07/2019","76,300","75,000","76,900","74,700","11.57K","2.14%"
"03/06/2019","74,700","74,100","75,000","74,000","3.81K","0.40%"
"03/05/2019","74,400","75,000","75,000","74,000","7.33K","-0.67%"
"03/04/2019","74,900","73,800","75,200","73,800","8.34K","1.49%"
"03/01/2019","73,800","73,000","73,900","73,000","1.54K","0.54%"