Date,Price,Open,High,Low,Volume,Change %
28/03/2024,"3,900.00","4,000.00","4,000.00","3,800.00",2.38M,-2.50%
27/03/2024,"4,000.00","4,000.00","4,100.00","3,900.00",1.25M,-2.44%
26/03/2024,"4,100.00","3,800.00","4,100.00","3,800.00",6.96M,7.89%
25/03/2024,"3,800.00","3,900.00","3,900.00","3,800.00",2.04M,0.00%
22/03/2024,"3,800.00","3,800.00","3,900.00","3,800.00",1.26M,0.00%
21/03/2024,"3,800.00","3,900.00","3,900.00","3,800.00",2.32M,-2.56%
20/03/2024,"3,900.00","3,900.00","3,900.00","3,800.00",523.51K,2.63%
19/03/2024,"3,800.00","3,800.00","3,900.00","3,800.00",438.84K,-2.56%
18/03/2024,"3,900.00","3,900.00","3,900.00","3,700.00",2.27M,0.00%
15/03/2024,"3,900.00","3,900.00","3,900.00","3,800.00",455.73K,0.00%
14/03/2024,"3,900.00","3,900.00","4,000.00","3,800.00",1.26M,0.00%
13/03/2024,"3,900.00","3,900.00","3,900.00","3,800.00",480.32K,0.00%
12/3/2024,"3,900.00","3,900.00","3,900.00","3,800.00",463.14K,0.00%
11/3/2024,"3,900.00","3,900.00","4,000.00","3,800.00",744.99K,0.00%
8/3/2024,"3,900.00","4,000.00","4,000.00","3,800.00",1.93M,-2.50%
7/3/2024,"4,000.00","4,000.00","4,000.00","3,900.00",926.72K,2.56%
6/3/2024,"3,900.00","3,900.00","4,100.00","3,900.00",1.80M,-2.50%
5/3/2024,"4,000.00","4,000.00","4,000.00","3,900.00",561.58K,0.00%
4/3/2024,"4,000.00","3,900.00","4,000.00","3,900.00",720.03K,2.56%
1/3/2024,"3,900.00","3,900.00","4,000.00","3,900.00",1.15M,0.00%
29/02/2024,"3,900.00","3,900.00","4,000.00","3,900.00",1.40M,0.00%
28/02/2024,"3,900.00","3,900.00","4,000.00","3,900.00",834.06K,-2.50%
27/02/2024,"4,000.00","4,000.00","4,100.00","3,900.00",1.39M,0.00%
26/02/2024,"4,000.00","4,000.00","4,000.00","3,900.00",989.46K,0.00%
23/02/2024,"4,000.00","4,200.00","4,300.00","4,000.00",2.14M,-4.76%
22/02/2024,"4,200.00","4,100.00","4,300.00","4,000.00",5.24M,2.44%
21/02/2024,"4,100.00","4,000.00","4,100.00","3,900.00",2.02M,2.50%
20/02/2024,"4,000.00","3,900.00","4,100.00","3,900.00",2.39M,0.00%
19/02/2024,"4,000.00","4,000.00","4,000.00","3,900.00",853.06K,2.56%
16/02/2024,"3,900.00","3,900.00","4,000.00","3,900.00",438.71K,0.00%
15/02/2024,"3,900.00","3,800.00","4,000.00","3,800.00",923.79K,2.63%
7/2/2024,"3,800.00","3,900.00","3,900.00","3,800.00",419.09K,-2.56%
6/2/2024,"3,900.00","3,900.00","3,900.00","3,800.00",565.72K,0.00%
5/2/2024,"3,900.00","3,900.00","4,000.00","3,800.00",355.91K,0.00%
2/2/2024,"3,900.00","3,800.00","4,000.00","3,800.00",1.03M,0.00%
1/2/2024,"3,900.00","3,900.00","3,900.00","3,800.00",366.94K,0.00%
31/01/2024,"3,900.00","3,900.00","4,000.00","3,800.00",1.80M,0.00%
30/01/2024,"3,900.00","4,000.00","4,000.00","3,800.00",955.98K,-2.50%
29/01/2024,"4,000.00","4,000.00","4,100.00","3,900.00",1.23M,2.56%
26/01/2024,"3,900.00","3,800.00","4,100.00","3,800.00",3.57M,2.63%
25/01/2024,"3,800.00","3,800.00","3,900.00","3,800.00",221.38K,0.00%
24/01/2024,"3,800.00","3,800.00","3,900.00","3,800.00",361.37K,0.00%
23/01/2024,"3,800.00","3,900.00","3,900.00","3,800.00",242.94K,0.00%
22/01/2024,"3,800.00","3,800.00","3,900.00","3,800.00",1.24M,0.00%
19/01/2024,"3,800.00","3,800.00","3,900.00","3,800.00",308.65K,0.00%
18/01/2024,"3,800.00","3,900.00","3,900.00","3,800.00",367.72K,-2.56%
17/01/2024,"3,900.00","3,900.00","3,900.00","3,800.00",549.39K,0.00%
16/01/2024,"3,900.00","3,800.00","3,900.00","3,700.00",600.88K,2.63%
15/01/2024,"3,800.00","3,800.00","3,900.00","3,800.00",320.94K,0.00%
12/1/2024,"3,800.00","4,000.00","4,000.00","3,700.00",1.11M,-2.56%
11/1/2024,"3,900.00","3,600.00","4,000.00","3,600.00",691.15K,0.00%
10/1/2024,"3,900.00","4,000.00","4,000.00","3,800.00",595.16K,-2.50%
9/1/2024,"4,000.00","4,200.00","4,200.00","3,800.00",830.99K,2.56%
8/1/2024,"3,900.00","3,900.00","4,000.00","3,900.00",1.15M,0.00%
5/1/2024,"3,900.00","3,900.00","4,000.00","3,900.00",400.75K,0.00%
4/1/2024,"3,900.00","4,000.00","4,100.00","3,900.00",1.71M,-2.50%
3/1/2024,"4,000.00","4,000.00","4,000.00","3,900.00",1.19M,2.56%
2/1/2024,"3,900.00","3,900.00","4,000.00","3,800.00",929.39K,0.00%
29/12/2023,"3,900.00","3,900.00","4,000.00","3,900.00",525.28K,0.00%
28/12/2023,"3,900.00","3,900.00","4,000.00","3,800.00",963.83K,0.00%
27/12/2023,"3,900.00","3,900.00","4,000.00","3,800.00",818.90K,0.00%
26/12/2023,"3,900.00","3,900.00","4,000.00","3,800.00",504.23K,0.00%
25/12/2023,"3,900.00","3,900.00","4,000.00","3,800.00",1.14M,0.00%
22/12/2023,"3,900.00","3,900.00","4,000.00","3,800.00",764.03K,0.00%
21/12/2023,"3,900.00","3,900.00","4,000.00","3,800.00",1.90M,0.00%
20/12/2023,"3,900.00","4,000.00","4,100.00","3,800.00",1.36M,-2.50%
19/12/2023,"4,000.00","4,200.00","4,300.00","4,000.00",1.30M,-2.44%
18/12/2023,"4,100.00","3,800.00","4,100.00","3,800.00",8.19M,7.89%
15/12/2023,"3,800.00","3,800.00","3,900.00","3,800.00",302.84K,0.00%
14/12/2023,"3,800.00","3,800.00","3,900.00","3,800.00",479.23K,0.00%
13/12/2023,"3,800.00","3,900.00","3,900.00","3,800.00",860.24K,-2.56%
12/12/2023,"3,900.00","3,800.00","3,900.00","3,800.00",552.10K,2.63%
11/12/2023,"3,800.00","3,800.00","3,900.00","3,800.00",473.02K,-2.56%
8/12/2023,"3,900.00","3,900.00","3,900.00","3,800.00",407.72K,0.00%
7/12/2023,"3,900.00","3,800.00","3,900.00","3,700.00",2.09M,2.63%
6/12/2023,"3,800.00","3,800.00","3,800.00","3,700.00",646.12K,0.00%
5/12/2023,"3,800.00","3,800.00","3,800.00","3,700.00",556.17K,0.00%
4/12/2023,"3,800.00","3,700.00","3,800.00","3,600.00",947.37K,2.70%
1/12/2023,"3,700.00","3,700.00","3,700.00","3,500.00",803.50K,0.00%
30/11/2023,"3,700.00","3,700.00","3,800.00","3,600.00",402.11K,0.00%
29/11/2023,"3,700.00","3,700.00","3,800.00","3,700.00",363.28K,0.00%
28/11/2023,"3,700.00","3,600.00","3,800.00","3,600.00",887.08K,2.78%
27/11/2023,"3,600.00","3,700.00","3,800.00","3,600.00",835.56K,-2.70%
24/11/2023,"3,700.00","3,800.00","3,800.00","3,600.00",1.06M,-2.63%
23/11/2023,"3,800.00","3,800.00","3,900.00","3,700.00",668.97K,0.00%
22/11/2023,"3,800.00","3,800.00","3,900.00","3,700.00",590.51K,0.00%
21/11/2023,"3,800.00","3,800.00","3,900.00","3,700.00",492.94K,2.70%
20/11/2023,"3,700.00","3,800.00","3,800.00","3,700.00",442.33K,-2.63%
17/11/2023,"3,800.00","3,800.00","3,900.00","3,700.00",1.12M,0.00%
16/11/2023,"3,800.00","3,900.00","3,900.00","3,800.00",274.06K,-2.56%
15/11/2023,"3,900.00","3,800.00","4,000.00","3,700.00",913.11K,2.63%
14/11/2023,"3,800.00","3,800.00","3,900.00","3,700.00",774.68K,0.00%
13/11/2023,"3,800.00","3,800.00","3,900.00","3,700.00",587.81K,0.00%
10/11/2023,"3,800.00","4,000.00","4,000.00","3,800.00",597.61K,-5.00%
9/11/2023,"4,000.00","3,800.00","4,000.00","3,700.00",1.53M,5.26%
8/11/2023,"3,800.00","3,600.00","3,800.00","3,600.00",642.16K,5.56%
7/11/2023,"3,600.00","3,700.00","3,700.00","3,600.00",599.28K,-2.70%
6/11/2023,"3,700.00","3,600.00","3,800.00","3,600.00",759.44K,2.78%
3/11/2023,"3,600.00","3,700.00","3,700.00","3,500.00",850.79K,0.00%
2/11/2023,"3,600.00","3,400.00","3,700.00","3,400.00",1.17M,5.88%
1/11/2023,"3,400.00","3,500.00","3,500.00","3,300.00",586.01K,0.00%
31/10/2023,"3,400.00","3,600.00","3,600.00","3,400.00",745.19K,-5.56%
30/10/2023,"3,600.00","3,700.00","3,700.00","3,500.00",468.03K,-2.70%
27/10/2023,"3,700.00","3,600.00","3,700.00","3,500.00",823.16K,2.78%
26/10/2023,"3,600.00","3,800.00","3,800.00","3,500.00",1.57M,-5.26%
25/10/2023,"3,800.00","3,800.00","3,800.00","3,700.00",232.95K,0.00%
24/10/2023,"3,800.00","3,700.00","3,800.00","3,700.00",491.34K,2.70%
23/10/2023,"3,700.00","3,700.00","3,800.00","3,700.00",367.24K,0.00%
20/10/2023,"3,700.00","3,700.00","3,800.00","3,600.00",458.93K,0.00%
19/10/2023,"3,700.00","3,700.00","3,800.00","3,600.00",665.08K,0.00%
18/10/2023,"3,700.00","3,800.00","3,900.00","3,600.00",1.02M,-2.63%
17/10/2023,"3,800.00","3,900.00","4,000.00","3,800.00",258.42K,-2.56%
16/10/2023,"3,900.00","3,900.00","4,000.00","3,800.00",605.36K,0.00%
13/10/2023,"3,900.00","4,000.00","4,000.00","3,900.00",325.73K,-2.50%
12/10/2023,"4,000.00","4,100.00","4,100.00","4,000.00",826.49K,-2.44%
11/10/2023,"4,100.00","4,000.00","4,100.00","3,900.00",735.49K,2.50%
10/10/2023,"4,000.00","4,000.00","4,100.00","3,900.00",794.99K,0.00%
9/10/2023,"4,000.00","4,000.00","4,000.00","3,900.00",763.74K,0.00%
6/10/2023,"4,000.00","3,900.00","4,000.00","3,800.00",574.41K,2.56%
5/10/2023,"3,900.00","3,900.00","4,000.00","3,800.00",376.04K,0.00%
4/10/2023,"3,900.00","3,800.00","4,000.00","3,700.00",976.58K,2.63%
3/10/2023,"3,800.00","4,000.00","4,000.00","3,700.00",1.39M,-5.00%
2/10/2023,"4,000.00","4,000.00","4,100.00","4,000.00",507.85K,0.00%
29/09/2023,"4,000.00","4,000.00","4,100.00","4,000.00",847.06K,0.00%
28/09/2023,"4,000.00","4,100.00","4,100.00","3,900.00",780.54K,-2.44%
27/09/2023,"4,100.00","4,000.00","4,100.00","3,900.00",830.73K,2.50%
26/09/2023,"4,000.00","4,000.00","4,100.00","3,900.00",1.69M,0.00%
25/09/2023,"4,000.00","4,400.00","4,400.00","4,000.00",1.84M,-9.09%
22/09/2023,"4,400.00","4,500.00","4,500.00","4,300.00",1.91M,-2.22%
21/09/2023,"4,500.00","4,600.00","4,700.00","4,500.00",1.17M,-2.17%
20/09/2023,"4,600.00","4,600.00","4,600.00","4,400.00",1.09M,2.22%
19/09/2023,"4,500.00","4,600.00","4,600.00","4,400.00",2.00M,-2.17%
18/09/2023,"4,600.00","4,600.00","4,600.00","4,400.00",1.42M,0.00%
15/09/2023,"4,600.00","4,600.00","4,700.00","4,500.00",1.12M,0.00%
14/09/2023,"4,600.00","4,700.00","4,700.00","4,500.00",1.66M,-2.13%
13/09/2023,"4,700.00","4,800.00","4,800.00","4,600.00",1.30M,-2.08%
12/9/2023,"4,800.00","4,700.00","4,800.00","4,600.00",2.06M,2.13%
11/9/2023,"4,700.00","4,800.00","4,900.00","4,700.00",2.26M,-2.08%
8/9/2023,"4,800.00","4,800.00","4,900.00","4,700.00",1.99M,0.00%
7/9/2023,"4,800.00","4,800.00","4,900.00","4,700.00",2.12M,0.00%
6/9/2023,"4,800.00","4,800.00","4,900.00","4,700.00",1.58M,0.00%
5/9/2023,"4,800.00","4,700.00","4,900.00","4,700.00",3.36M,2.13%
31/08/2023,"4,700.00","4,700.00","4,800.00","4,600.00",1.89M,0.00%
30/08/2023,"4,700.00","4,700.00","4,800.00","4,600.00",921.94K,0.00%
29/08/2023,"4,700.00","4,600.00","4,800.00","4,600.00",2.06M,2.17%
28/08/2023,"4,600.00","4,600.00","4,700.00","4,600.00",1.25M,0.00%
25/08/2023,"4,600.00","4,700.00","4,700.00","4,500.00",1.91M,-2.13%
24/08/2023,"4,700.00","4,600.00","4,700.00","4,500.00",1.53M,2.17%
23/08/2023,"4,600.00","4,600.00","4,800.00","4,600.00",1.37M,0.00%
22/08/2023,"4,600.00","4,700.00","4,800.00","4,400.00",2.68M,-2.13%
21/08/2023,"4,700.00","4,700.00","4,800.00","4,600.00",3.21M,0.00%
18/08/2023,"4,700.00","5,100.00","5,100.00","4,600.00",6.47M,-7.84%
17/08/2023,"5,100.00","5,200.00","5,200.00","5,000.00",4.47M,-1.92%
16/08/2023,"5,200.00","5,200.00","5,300.00","5,100.00",2.33M,0.00%
15/08/2023,"5,200.00","5,200.00","5,400.00","5,200.00",2.70M,0.00%
14/08/2023,"5,200.00","5,300.00","5,300.00","5,200.00",3.29M,-1.89%
11/8/2023,"5,300.00","5,300.00","5,500.00","5,100.00",3.63M,0.00%
10/8/2023,"5,300.00","5,500.00","5,700.00","5,300.00",4.90M,-3.64%
9/8/2023,"5,500.00","5,300.00","5,600.00","5,200.00",9.45M,3.77%
8/8/2023,"5,300.00","5,200.00","5,400.00","5,200.00",6.23M,1.92%
7/8/2023,"5,200.00","5,100.00","5,300.00","5,100.00",3.13M,1.96%
4/8/2023,"5,100.00","5,100.00","5,200.00","5,000.00",2.19M,0.00%
3/8/2023,"5,100.00","5,200.00","5,300.00","5,000.00",3.84M,-1.92%
2/8/2023,"5,200.00","5,200.00","5,200.00","5,100.00",1.46M,0.00%
1/8/2023,"5,200.00","5,100.00","5,500.00","5,100.00",8.59M,1.96%
31/07/2023,"5,100.00","5,100.00","5,200.00","5,000.00",3.23M,0.00%
28/07/2023,"5,100.00","5,100.00","5,100.00","5,000.00",2.65M,0.00%
27/07/2023,"5,100.00","5,100.00","5,200.00","4,900.00",3.31M,0.00%
26/07/2023,"5,100.00","5,200.00","5,200.00","5,100.00",1.99M,-1.92%
25/07/2023,"5,200.00","5,000.00","5,300.00","4,900.00",7.82M,4.00%
24/07/2023,"5,000.00","4,900.00","5,000.00","4,800.00",3.18M,2.04%
21/07/2023,"4,900.00","5,000.00","5,000.00","4,900.00",2.05M,-2.00%
20/07/2023,"5,000.00","4,900.00","5,000.00","4,800.00",1.61M,2.04%
19/07/2023,"4,900.00","4,900.00","5,000.00","4,800.00",2.55M,-2.00%
18/07/2023,"5,000.00","5,000.00","5,100.00","4,900.00",2.36M,0.00%
17/07/2023,"5,000.00","4,800.00","5,100.00","4,800.00",4.30M,4.17%
14/07/2023,"4,800.00","4,900.00","4,900.00","4,800.00",2.55M,-2.04%
13/07/2023,"4,900.00","4,800.00","4,900.00","4,700.00",3.05M,2.08%
12/7/2023,"4,800.00","4,900.00","4,900.00","4,800.00",1.73M,-2.04%
11/7/2023,"4,900.00","4,900.00","4,900.00","4,800.00",1.67M,0.00%
10/7/2023,"4,900.00","4,800.00","4,900.00","4,800.00",1.05M,2.08%
7/7/2023,"4,800.00","4,700.00","4,800.00","4,600.00",921.05K,2.13%
6/7/2023,"4,700.00","4,800.00","4,900.00","4,700.00",1.38M,-2.08%
5/7/2023,"4,800.00","4,800.00","4,900.00","4,700.00",1.19M,0.00%
4/7/2023,"4,800.00","4,700.00","4,900.00","4,700.00",1.15M,2.13%
3/7/2023,"4,700.00","4,800.00","4,900.00","4,700.00",639.79K,-2.08%
30/06/2023,"4,800.00","4,700.00","4,800.00","4,700.00",870.35K,0.00%
29/06/2023,"4,800.00","4,900.00","4,900.00","4,800.00",1.54M,-2.04%
28/06/2023,"4,900.00","5,000.00","5,000.00","4,900.00",1.74M,-2.00%
27/06/2023,"5,000.00","4,900.00","5,000.00","4,900.00",857.97K,2.04%
26/06/2023,"4,900.00","5,000.00","5,100.00","4,800.00",2.55M,-2.00%
23/06/2023,"5,000.00","5,100.00","5,100.00","4,900.00",3.31M,-1.96%
22/06/2023,"5,100.00","5,100.00","5,200.00","5,000.00",3.66M,0.00%
21/06/2023,"5,100.00","5,000.00","5,100.00","4,900.00",2.45M,2.00%
20/06/2023,"5,000.00","4,900.00","5,000.00","4,800.00",1.40M,2.04%
19/06/2023,"4,900.00","5,000.00","5,100.00","4,800.00",2.95M,-2.00%
16/06/2023,"5,000.00","5,200.00","5,200.00","5,000.00",3.37M,-1.96%
15/06/2023,"5,100.00","5,200.00","5,200.00","5,000.00",2.59M,-1.92%
14/06/2023,"5,200.00","5,500.00","5,600.00","5,100.00",4.69M,-3.70%
13/06/2023,"5,400.00","5,300.00","5,500.00","5,300.00",2.66M,0.00%
12/6/2023,"5,400.00","5,100.00","5,400.00","5,100.00",4.95M,5.88%
9/6/2023,"5,100.00","5,200.00","5,200.00","5,000.00",2.18M,0.00%
8/6/2023,"5,100.00","5,300.00","5,400.00","5,100.00",3.35M,-3.77%
7/6/2023,"5,300.00","5,100.00","5,300.00","5,100.00",2.76M,3.92%
6/6/2023,"5,100.00","5,000.00","5,200.00","5,000.00",2.46M,2.00%
5/6/2023,"5,000.00","5,000.00","5,200.00","4,900.00",2.35M,0.00%
2/6/2023,"5,000.00","5,300.00","5,500.00","4,900.00",4.73M,-5.66%
1/6/2023,"5,300.00","5,100.00","5,500.00","5,000.00",5.72M,6.00%
31/05/2023,"5,000.00","4,800.00","5,100.00","4,700.00",5.45M,4.17%
30/05/2023,"4,800.00","4,800.00","4,900.00","4,600.00",1.96M,0.00%
29/05/2023,"4,800.00","4,600.00","4,900.00","4,600.00",4.75M,4.35%
26/05/2023,"4,600.00","4,500.00","4,700.00","4,500.00",2.68M,2.22%
25/05/2023,"4,500.00","4,500.00","4,600.00","4,400.00",1.05M,0.00%
24/05/2023,"4,500.00","4,600.00","4,600.00","4,500.00",870.03K,-2.17%
23/05/2023,"4,600.00","4,500.00","4,600.00","4,400.00",1.92M,2.22%
22/05/2023,"4,500.00","4,500.00","4,600.00","4,400.00",1.73M,0.00%
19/05/2023,"4,500.00","4,700.00","4,700.00","4,400.00",2.46M,-2.17%
18/05/2023,"4,600.00","4,600.00","4,700.00","4,500.00",1.79M,0.00%
17/05/2023,"4,600.00","4,700.00","4,800.00","4,600.00",2.87M,-2.13%
16/05/2023,"4,700.00","4,700.00","4,900.00","4,700.00",2.80M,0.00%
15/05/2023,"4,700.00","4,700.00","4,900.00","4,700.00",3.29M,0.00%
12/5/2023,"4,700.00","4,600.00","4,700.00","4,500.00",2.31M,2.17%
11/5/2023,"4,600.00","4,600.00","4,700.00","4,600.00",2.02M,0.00%
10/5/2023,"4,600.00","4,700.00","4,800.00","4,500.00",2.64M,-2.13%
9/5/2023,"4,700.00","4,700.00","4,700.00","4,500.00",2.29M,0.00%
8/5/2023,"4,700.00","4,800.00","4,900.00","4,600.00",2.56M,-2.08%
5/5/2023,"4,800.00","4,500.00","4,800.00","4,500.00",5.11M,6.67%
4/5/2023,"4,500.00","4,700.00","4,700.00","4,500.00",3.06M,-2.17%
28/04/2023,"4,600.00","4,800.00","4,800.00","4,500.00",1.31M,-2.13%
27/04/2023,"4,700.00","4,400.00","4,800.00","4,300.00",6.93M,6.82%
26/04/2023,"4,400.00","4,400.00","4,400.00","4,200.00",1.35M,0.00%
25/04/2023,"4,400.00","4,400.00","4,600.00","4,300.00",3.84M,0.00%
24/04/2023,"4,400.00","4,100.00","4,400.00","4,100.00",1.91M,4.76%
21/04/2023,"4,200.00","4,500.00","4,500.00","4,100.00",1.83M,-4.55%
20/04/2023,"4,400.00","4,100.00","4,500.00","4,100.00",3.57M,7.32%
19/04/2023,"4,100.00","4,100.00","4,200.00","4,000.00",1.79M,0.00%
18/04/2023,"4,100.00","4,100.00","4,200.00","4,000.00",1.90M,0.00%
17/04/2023,"4,100.00","4,200.00","4,300.00","4,000.00",2.48M,-4.65%
14/04/2023,"4,300.00","4,500.00","4,700.00","4,300.00",4.85M,-2.27%
13/04/2023,"4,400.00","4,000.00","4,400.00","4,000.00",6.13M,10.00%
12/4/2023,"4,000.00","4,000.00","4,100.00","3,900.00",1.14M,0.00%
11/4/2023,"4,000.00","3,900.00","4,000.00","3,800.00",967.76K,2.56%
10/4/2023,"3,900.00","3,900.00","4,100.00","3,900.00",2.00M,0.00%
7/4/2023,"3,900.00","4,000.00","4,100.00","3,800.00",1.73M,-2.50%
6/4/2023,"4,000.00","4,000.00","4,300.00","4,000.00",3.09M,0.00%
5/4/2023,"4,000.00","3,900.00","4,100.00","3,800.00",3.54M,2.56%
4/4/2023,"3,900.00","3,800.00","3,900.00","3,700.00",1.79M,2.63%
3/4/2023,"3,800.00","3,700.00","3,800.00","3,700.00",1.13M,2.70%
31/03/2023,"3,700.00","3,700.00","3,800.00","3,600.00",1.04M,0.00%
30/03/2023,"3,700.00","3,800.00","3,800.00","3,700.00",732.89K,0.00%
29/03/2023,"3,700.00","3,800.00","3,800.00","3,600.00",1.85M,-2.63%
28/03/2023,"3,800.00","3,800.00","3,900.00","3,800.00",1.63M,0.00%
27/03/2023,"3,800.00","3,800.00","3,800.00","3,700.00",679.14K,2.70%
24/03/2023,"3,700.00","3,800.00","3,900.00","3,700.00",1.13M,-2.63%
23/03/2023,"3,800.00","3,700.00","3,800.00","3,600.00",764.80K,2.70%
22/03/2023,"3,700.00","3,800.00","3,800.00","3,700.00",283.17K,-2.63%
21/03/2023,"3,800.00","3,700.00","3,800.00","3,700.00",935.70K,2.70%
20/03/2023,"3,700.00","3,700.00","3,900.00","3,700.00",1.07M,0.00%
17/03/2023,"3,700.00","3,700.00","3,900.00","3,700.00",851.06K,0.00%
16/03/2023,"3,700.00","3,900.00","3,900.00","3,700.00",741.45K,-2.63%
15/03/2023,"3,800.00","3,800.00","3,900.00","3,700.00",1.28M,2.70%
14/03/2023,"3,700.00","3,900.00","3,900.00","3,700.00",2.63M,-5.13%
13/03/2023,"3,900.00","4,000.00","4,000.00","3,800.00",2.08M,-2.50%
10/3/2023,"4,000.00","4,100.00","4,100.00","3,900.00",1.58M,-2.44%
9/3/2023,"4,100.00","4,000.00","4,100.00","4,000.00",1.34M,2.50%
8/3/2023,"4,000.00","4,000.00","4,100.00","3,900.00",1.41M,0.00%
7/3/2023,"4,000.00","4,000.00","4,100.00","3,900.00",1.23M,0.00%
6/3/2023,"4,000.00","4,000.00","4,100.00","3,900.00",2.00M,2.56%
3/3/2023,"3,900.00","4,100.00","4,300.00","3,900.00",2.97M,-4.88%
2/3/2023,"4,100.00","4,200.00","4,500.00","4,100.00",2.38M,0.00%
1/3/2023,"4,100.00","4,000.00","4,400.00","3,900.00",4.37M,-2.38%
28/02/2023,"4,200.00","4,700.00","4,800.00","4,200.00",5.39M,-8.70%
27/02/2023,"4,600.00","4,200.00","4,600.00","4,100.00",7.10M,9.52%
24/02/2023,"4,200.00","3,900.00","4,200.00","3,800.00",6.31M,7.69%
23/02/2023,"3,900.00","3,900.00","4,000.00","3,700.00",2.46M,-2.50%
22/02/2023,"4,000.00","3,800.00","4,100.00","3,700.00",5.82M,5.26%
21/02/2023,"3,800.00","3,800.00","4,000.00","3,700.00",2.62M,0.00%
20/02/2023,"3,800.00","3,600.00","3,800.00","3,600.00",1.15M,5.56%
17/02/2023,"3,600.00","3,600.00","3,700.00","3,500.00",456.29K,0.00%
16/02/2023,"3,600.00","3,600.00","3,600.00","3,500.00",435.03K,2.86%
15/02/2023,"3,500.00","3,600.00","3,700.00","3,500.00",623.84K,-2.78%
14/02/2023,"3,600.00","3,500.00","3,600.00","3,400.00",353.86K,2.86%
13/02/2023,"3,500.00","3,700.00","3,700.00","3,400.00",1.82M,-2.78%
10/2/2023,"3,600.00","3,600.00","3,800.00","3,600.00",443.12K,-2.70%
9/2/2023,"3,700.00","3,700.00","3,800.00","3,600.00",480.79K,0.00%
8/2/2023,"3,700.00","3,800.00","3,800.00","3,600.00",651.60K,-2.63%
7/2/2023,"3,800.00","3,700.00","3,900.00","3,700.00",1.36M,2.70%
6/2/2023,"3,700.00","3,700.00","3,800.00","3,600.00",544.69K,0.00%
3/2/2023,"3,700.00","3,900.00","3,900.00","3,700.00",502.61K,-2.63%
2/2/2023,"3,800.00","3,800.00","3,900.00","3,700.00",820.02K,0.00%
1/2/2023,"3,800.00","4,000.00","4,100.00","3,700.00",1.87M,-5.00%
31/01/2023,"4,000.00","3,900.00","4,100.00","3,900.00",2.72M,2.56%
30/01/2023,"3,900.00","3,600.00","3,900.00","3,600.00",3.05M,8.33%
27/01/2023,"3,600.00","3,600.00","3,700.00","3,600.00",684.04K,0.00%
19/01/2023,"3,600.00","3,600.00","3,600.00","3,500.00",841.45K,0.00%
18/01/2023,"3,600.00","3,500.00","3,600.00","3,400.00",1.04M,2.86%
17/01/2023,"3,500.00","3,400.00","3,500.00","3,400.00",552.70K,2.94%
16/01/2023,"3,400.00","3,500.00","3,500.00","3,400.00",459.80K,-2.86%
13/01/2023,"3,500.00","3,500.00","3,600.00","3,400.00",464.50K,2.94%
12/1/2023,"3,400.00","3,500.00","3,600.00","3,400.00",549.48K,-2.86%
11/1/2023,"3,500.00","3,400.00","3,600.00","3,400.00",606.72K,2.94%
10/1/2023,"3,400.00","3,500.00","3,500.00","3,400.00",266.00K,-2.86%
9/1/2023,"3,500.00","3,500.00","3,600.00","3,400.00",635.93K,2.94%
6/1/2023,"3,400.00","3,500.00","3,600.00","3,400.00",622.36K,-2.86%
5/1/2023,"3,500.00","3,500.00","3,600.00","3,400.00",630.55K,0.00%
4/1/2023,"3,500.00","3,600.00","3,600.00","3,400.00",756.75K,0.00%
3/1/2023,"3,500.00","3,300.00","3,600.00","3,300.00",674.04K,6.06%
30/12/2022,"3,300.00","3,400.00","3,400.00","3,300.00",651.36K,0.00%
29/12/2022,"3,300.00","3,300.00","3,500.00","3,300.00",232.96K,-2.94%
28/12/2022,"3,400.00","3,400.00","3,500.00","3,300.00",582.24K,0.00%
27/12/2022,"3,400.00","3,200.00","3,400.00","3,100.00",642.08K,6.25%
26/12/2022,"3,200.00","3,500.00","3,600.00","3,200.00",1.18M,-8.57%
23/12/2022,"3,500.00","3,700.00","3,700.00","3,500.00",749.60K,-5.41%
22/12/2022,"3,700.00","3,700.00","3,800.00","3,500.00",919.41K,0.00%
21/12/2022,"3,700.00","3,900.00","4,000.00","3,600.00",1.48M,-5.13%
20/12/2022,"3,900.00","3,900.00","4,200.00","3,800.00",1.42M,-4.88%
19/12/2022,"4,100.00","3,800.00","4,100.00","3,800.00",2.94M,7.89%
16/12/2022,"3,800.00","3,800.00","3,900.00","3,700.00",478.24K,0.00%
15/12/2022,"3,800.00","3,700.00","3,900.00","3,700.00",692.85K,0.00%
14/12/2022,"3,800.00","3,800.00","3,900.00","3,700.00",817.20K,0.00%
13/12/2022,"3,800.00","3,800.00","3,800.00","3,600.00",788.91K,0.00%
12/12/2022,"3,800.00","3,800.00","4,000.00","3,700.00",1.18M,0.00%
9/12/2022,"3,800.00","4,000.00","4,000.00","3,700.00",1.10M,-5.00%
8/12/2022,"4,000.00","3,800.00","4,000.00","3,800.00",1.27M,5.26%
7/12/2022,"3,800.00","4,000.00","4,000.00","3,600.00",1.82M,-5.00%
6/12/2022,"4,000.00","4,500.00","4,500.00","4,000.00",4.06M,-9.09%
5/12/2022,"4,400.00","4,200.00","4,500.00","4,200.00",2.36M,4.76%
2/12/2022,"4,200.00","4,000.00","4,200.00","3,900.00",1.47M,2.44%
1/12/2022,"4,100.00","4,000.00","4,200.00","3,900.00",2.67M,5.13%
30/11/2022,"3,900.00","4,000.00","4,000.00","3,800.00",1.96M,0.00%
29/11/2022,"3,900.00","3,800.00","4,100.00","3,700.00",1.73M,2.63%
28/11/2022,"3,800.00","3,600.00","3,800.00","3,500.00",1.91M,8.57%
25/11/2022,"3,500.00","3,400.00","3,600.00","3,400.00",819.25K,2.94%
24/11/2022,"3,400.00","3,300.00","3,400.00","3,200.00",672.20K,0.00%
23/11/2022,"3,400.00","3,600.00","3,700.00","3,400.00",1.06M,-5.56%
22/11/2022,"3,600.00","3,600.00","3,800.00","3,400.00",2.12M,2.86%
21/11/2022,"3,500.00","2,900.00","3,500.00","2,900.00",2.07M,9.38%
18/11/2022,"3,200.00","3,100.00","3,200.00","2,900.00",1.72M,3.23%
17/11/2022,"3,100.00","3,000.00","3,100.00","2,700.00",1.40M,6.90%
16/11/2022,"2,900.00","2,600.00","2,900.00","2,500.00",2.25M,7.41%
15/11/2022,"2,700.00","2,700.00","3,000.00","2,700.00",1.63M,-10.00%
14/11/2022,"3,000.00","2,900.00","3,200.00","2,900.00",1.04M,-6.25%
11/11/2022,"3,200.00","3,000.00","3,400.00","3,000.00",693.61K,-3.03%
10/11/2022,"3,300.00","3,600.00","3,600.00","3,300.00",979.50K,-8.33%
9/11/2022,"3,600.00","3,400.00","3,700.00","3,400.00",427.01K,2.86%
8/11/2022,"3,500.00","3,500.00","3,700.00","3,300.00",753.33K,-2.78%
7/11/2022,"3,600.00","3,800.00","4,000.00","3,600.00",1.08M,-7.69%
4/11/2022,"3,900.00","4,100.00","4,100.00","3,800.00",943.05K,-4.88%
3/11/2022,"4,100.00","4,100.00","4,100.00","4,000.00",282.56K,0.00%
2/11/2022,"4,100.00","3,800.00","4,200.00","3,800.00",568.35K,-2.38%
1/11/2022,"4,200.00","4,100.00","4,300.00","4,100.00",587.65K,0.00%
31/10/2022,"4,200.00","4,100.00","4,300.00","4,000.00",1.20M,2.44%
28/10/2022,"4,100.00","4,300.00","4,400.00","4,100.00",999.06K,-4.65%
27/10/2022,"4,300.00","4,000.00","4,300.00","4,000.00",829.95K,7.50%
26/10/2022,"4,000.00","3,800.00","4,200.00","3,800.00",608.43K,-2.44%
25/10/2022,"4,100.00","4,200.00","4,300.00","3,700.00",1.29M,0.00%
24/10/2022,"4,100.00","4,500.00","4,700.00","4,100.00",1.54M,-8.89%
21/10/2022,"4,500.00","5,000.00","5,100.00","4,500.00",1.41M,-10.00%
20/10/2022,"5,000.00","5,000.00","5,100.00","4,900.00",471.98K,0.00%
19/10/2022,"5,000.00","5,300.00","5,300.00","5,000.00",533.82K,-3.85%
18/10/2022,"5,200.00","5,100.00","5,300.00","5,100.00",609.92K,1.96%
17/10/2022,"5,100.00","5,100.00","5,200.00","4,900.00",857.08K,0.00%
14/10/2022,"5,100.00","4,600.00","5,300.00","4,600.00",984.21K,0.00%
13/10/2022,"5,100.00","5,100.00","5,200.00","5,000.00",526.10K,0.00%
12/10/2022,"5,100.00","4,900.00","5,200.00","4,800.00",739.57K,4.08%
11/10/2022,"4,900.00","5,400.00","5,400.00","4,900.00",1.59M,-9.26%
10/10/2022,"5,400.00","5,400.00","5,500.00","5,000.00",1.04M,0.00%
7/10/2022,"5,400.00","6,000.00","6,000.00","5,400.00",2.19M,-8.47%
6/10/2022,"5,900.00","6,300.00","6,300.00","5,900.00",951.90K,-6.35%
5/10/2022,"6,300.00","6,000.00","6,400.00","6,000.00",1.05M,3.28%
4/10/2022,"6,100.00","6,000.00","6,300.00","5,800.00",1.47M,3.39%
3/10/2022,"5,900.00","6,400.00","6,500.00","5,900.00",1.17M,-7.81%
30/09/2022,"6,400.00","6,500.00","6,500.00","6,100.00",1.60M,-1.54%
29/09/2022,"6,500.00","6,700.00","6,900.00","6,500.00",818.93K,-2.99%
28/09/2022,"6,700.00","6,800.00","6,800.00","6,600.00",1.09M,-1.47%
27/09/2022,"6,800.00","6,900.00","7,000.00","6,800.00",699.57K,-1.45%
26/09/2022,"6,900.00","7,200.00","7,300.00","6,800.00",1.84M,-4.17%
23/09/2022,"7,200.00","6,600.00","7,200.00","6,500.00",3.22M,9.09%
22/09/2022,"6,600.00","6,500.00","6,600.00","6,300.00",1.19M,1.54%
21/09/2022,"6,500.00","6,400.00","6,600.00","6,400.00",684.09K,0.00%
20/09/2022,"6,500.00","6,400.00","6,500.00","6,300.00",1.26M,3.17%
19/09/2022,"6,300.00","6,900.00","7,000.00","6,300.00",2.30M,-8.70%
16/09/2022,"6,900.00","7,200.00","7,200.00","6,900.00",2.03M,-4.17%
15/09/2022,"7,200.00","7,300.00","7,300.00","7,100.00",1.34M,0.00%
14/09/2022,"7,200.00","7,300.00","7,300.00","7,100.00",1.63M,-2.70%
13/09/2022,"7,400.00","7,500.00","7,500.00","7,300.00",731.64K,-1.33%
12/9/2022,"7,500.00","7,500.00","7,600.00","7,400.00",976.11K,1.35%
9/9/2022,"7,400.00","7,400.00","7,500.00","7,200.00",2.05M,0.00%
8/9/2022,"7,400.00","7,600.00","7,700.00","7,300.00",2.09M,-2.63%
7/9/2022,"7,600.00","7,800.00","7,900.00","7,600.00",2.68M,-2.56%
6/9/2022,"7,800.00","7,900.00","8,000.00","7,800.00",1.75M,-1.27%
5/9/2022,"7,900.00","8,000.00","8,100.00","7,900.00",730.82K,-1.25%
31/08/2022,"8,000.00","8,000.00","8,000.00","7,800.00",2.03M,0.00%
30/08/2022,"8,000.00","8,000.00","8,100.00","7,900.00",1.22M,0.00%
29/08/2022,"8,000.00","8,100.00","8,200.00","7,800.00",3.44M,-2.44%
26/08/2022,"8,200.00","8,400.00","8,400.00","8,100.00",2.30M,-2.38%
25/08/2022,"8,400.00","8,300.00","8,500.00","8,300.00",2.68M,1.20%
24/08/2022,"8,300.00","8,200.00","8,300.00","8,000.00",1.99M,1.22%
23/08/2022,"8,200.00","8,100.00","8,200.00","7,900.00",2.86M,1.23%
22/08/2022,"8,100.00","8,300.00","8,300.00","8,000.00",2.35M,-1.22%
19/08/2022,"8,200.00","8,200.00","8,300.00","8,100.00",2.89M,0.00%
18/08/2022,"8,200.00","8,300.00","8,300.00","8,100.00",2.09M,-1.20%
17/08/2022,"8,300.00","8,300.00","8,500.00","8,200.00",2.39M,0.00%
16/08/2022,"8,300.00","8,600.00","8,600.00","8,200.00",3.01M,-2.35%
15/08/2022,"8,500.00","8,600.00","8,700.00","8,400.00",2.01M,-1.16%
12/8/2022,"8,600.00","8,600.00","8,600.00","8,300.00",2.04M,1.18%
11/8/2022,"8,500.00","8,900.00","9,100.00","8,500.00",5.53M,-3.41%
10/8/2022,"8,800.00","9,000.00","9,000.00","8,700.00",3.05M,-2.22%
9/8/2022,"9,000.00","8,800.00","9,200.00","8,700.00",6.83M,3.45%
8/8/2022,"8,700.00","8,600.00","8,900.00","8,500.00",4.02M,2.35%
5/8/2022,"8,500.00","8,500.00","8,900.00","8,400.00",6.35M,1.19%
4/8/2022,"8,400.00","8,500.00","8,600.00","8,400.00",2.09M,0.00%
3/8/2022,"8,400.00","8,400.00","8,600.00","8,400.00",1.40M,-1.18%
2/8/2022,"8,500.00","8,100.00","8,700.00","8,000.00",5.20M,6.25%
1/8/2022,"8,000.00","8,000.00","8,100.00","7,900.00",1.78M,0.00%
29/07/2022,"8,000.00","8,200.00","8,200.00","8,000.00",992.10K,-1.23%
28/07/2022,"8,100.00","8,200.00","8,300.00","8,000.00",1.50M,0.00%
27/07/2022,"8,100.00","7,800.00","8,100.00","7,700.00",1.46M,2.53%
26/07/2022,"7,900.00","8,300.00","8,300.00","7,900.00",2.37M,-4.82%
25/07/2022,"8,300.00","8,300.00","8,500.00","8,100.00",2.45M,0.00%
22/07/2022,"8,300.00","8,500.00","8,700.00","8,200.00",2.04M,-2.35%
21/07/2022,"8,500.00","8,600.00","8,900.00","8,400.00",3.38M,0.00%
20/07/2022,"8,500.00","8,300.00","9,100.00","8,300.00",6.93M,2.41%
19/07/2022,"8,300.00","8,300.00","8,400.00","8,200.00",446.36K,0.00%
18/07/2022,"8,300.00","8,300.00","8,400.00","8,200.00",452.40K,0.00%
15/07/2022,"8,300.00","8,300.00","8,500.00","8,300.00",847.73K,0.00%
14/07/2022,"8,300.00","8,300.00","8,300.00","8,100.00",257.82K,-1.19%
13/07/2022,"8,400.00","8,200.00","8,400.00","8,200.00",530.00K,3.70%
12/7/2022,"8,100.00","8,000.00","8,200.00","8,000.00",460.97K,1.25%
11/7/2022,"8,000.00","8,000.00","8,200.00","8,000.00",367.96K,0.00%
8/7/2022,"8,000.00","7,800.00","8,100.00","7,800.00",273.14K,2.56%
7/7/2022,"7,800.00","7,800.00","7,900.00","7,700.00",177.91K,1.30%
6/7/2022,"7,700.00","8,000.00","8,000.00","7,700.00",403.94K,-3.75%
5/7/2022,"8,000.00","8,200.00","8,200.00","7,800.00",234.40K,-2.44%
4/7/2022,"8,200.00","8,200.00","8,400.00","8,100.00",182.55K,1.23%
1/7/2022,"8,100.00","8,100.00","8,200.00","7,800.00",431.75K,0.00%
30/06/2022,"8,100.00","8,600.00","8,600.00","8,100.00",443.10K,-5.81%
29/06/2022,"8,600.00","8,700.00","8,800.00","8,500.00",253.26K,-1.15%
28/06/2022,"8,700.00","8,500.00","8,800.00","8,300.00",587.71K,3.57%
27/06/2022,"8,400.00","8,200.00","8,500.00","8,200.00",225.42K,2.44%
24/06/2022,"8,200.00","8,100.00","8,400.00","8,000.00",397.99K,1.23%
23/06/2022,"8,100.00","8,100.00","8,300.00","7,900.00",197.12K,0.00%
22/06/2022,"8,100.00","7,700.00","8,100.00","7,700.00",362.92K,6.58%
21/06/2022,"7,600.00","7,700.00","8,000.00","7,600.00",423.22K,-1.30%
20/06/2022,"7,700.00","7,800.00","8,000.00","7,600.00",580.90K,-1.28%
17/06/2022,"7,800.00","8,500.00","8,500.00","7,800.00",566.64K,-8.24%
16/06/2022,"8,500.00","8,400.00","8,700.00","8,400.00",311.65K,2.41%
15/06/2022,"8,300.00","8,500.00","8,700.00","8,100.00",573.50K,-1.19%
14/06/2022,"8,400.00","8,500.00","8,800.00","8,100.00",614.76K,-1.18%
13/06/2022,"8,500.00","9,300.00","9,300.00","8,500.00",1.33M,-9.57%
10/6/2022,"9,400.00","9,600.00","9,600.00","9,300.00",338.38K,-2.08%
9/6/2022,"9,600.00","9,600.00","9,700.00","9,500.00",318.44K,0.00%
8/6/2022,"9,600.00","9,400.00","9,800.00","9,400.00",484.33K,1.05%
7/6/2022,"9,500.00","9,900.00","9,900.00","9,100.00",738.53K,-4.04%
6/6/2022,"9,900.00","9,900.00","10,100.00","9,800.00",642.26K,0.00%
3/6/2022,"9,900.00","9,900.00","10,100.00","9,800.00",340.86K,0.00%
2/6/2022,"9,900.00","9,700.00","10,200.00","9,600.00",641.90K,3.13%
1/6/2022,"9,600.00","9,600.00","9,900.00","9,500.00",359.32K,0.00%
31/05/2022,"9,600.00","10,200.00","10,300.00","9,600.00",1.22M,-6.80%
30/05/2022,"10,300.00","10,300.00","10,700.00","9,700.00",2.58M,-3.74%
27/05/2022,"10,700.00","10,900.00","11,000.00","10,400.00",1.10M,-1.83%
26/05/2022,"10,900.00","10,800.00","10,900.00","10,300.00",3.90M,1.87%
25/05/2022,"10,700.00","10,100.00","10,800.00","9,900.00",2.84M,4.90%
24/05/2022,"10,200.00","9,600.00","10,200.00","9,300.00",4.18M,6.25%
23/05/2022,"9,600.00","9,000.00","9,600.00","8,900.00",2.34M,7.87%
20/05/2022,"8,900.00","8,400.00","8,900.00","8,000.00",1.98M,9.88%
19/05/2022,"8,100.00","8,000.00","8,100.00","7,800.00",625.81K,-1.22%
18/05/2022,"8,200.00","8,200.00","8,400.00","8,000.00",546.05K,0.00%
17/05/2022,"8,200.00","7,600.00","8,200.00","7,400.00",538.82K,7.89%
16/05/2022,"7,600.00","7,300.00","7,900.00","7,300.00",528.00K,4.11%
13/05/2022,"7,300.00","7,900.00","8,000.00","7,300.00",1.02M,-7.59%
12/5/2022,"7,900.00","8,500.00","8,500.00","7,900.00",583.48K,-7.06%
11/5/2022,"8,500.00","8,300.00","8,500.00","8,300.00",286.55K,2.41%
10/5/2022,"8,300.00","8,200.00","8,400.00","7,800.00",683.82K,1.22%
9/5/2022,"8,200.00","9,000.00","9,000.00","8,100.00",1.34M,-8.89%
6/5/2022,"9,000.00","9,400.00","9,400.00","9,000.00",736.01K,-4.26%
5/5/2022,"9,400.00","9,600.00","9,700.00","9,200.00",974.78K,-2.08%
4/5/2022,"9,600.00","9,600.00","9,700.00","9,500.00",798.43K,0.00%
29/04/2022,"9,600.00","9,600.00","9,700.00","9,400.00",742.49K,1.05%
28/04/2022,"9,500.00","9,100.00","9,800.00","9,000.00",2.11M,5.56%
27/04/2022,"9,000.00","8,900.00","9,100.00","8,800.00",862.14K,1.12%
26/04/2022,"8,900.00","8,900.00","9,100.00","8,500.00",868.49K,0.00%
25/04/2022,"8,900.00","9,300.00","9,400.00","8,700.00",997.36K,-3.26%
22/04/2022,"9,200.00","8,700.00","9,500.00","8,600.00",833.47K,4.55%
21/04/2022,"8,800.00","9,000.00","9,000.00","8,200.00",1.83M,-2.22%
20/04/2022,"9,000.00","9,400.00","9,500.00","8,800.00",1.47M,-4.26%
19/04/2022,"9,400.00","9,700.00","10,000.00","9,400.00",1.13M,-4.08%
18/04/2022,"9,800.00","10,100.00","10,200.00","9,700.00",2.12M,-2.97%
15/04/2022,"10,100.00","10,400.00","10,400.00","10,000.00",1.21M,-1.94%
14/04/2022,"10,300.00","10,500.00","10,500.00","10,300.00",675.64K,-1.90%
13/04/2022,"10,500.00","10,000.00","10,600.00","10,000.00",1.00M,3.96%
12/4/2022,"10,100.00","10,600.00","10,700.00","10,100.00",1.40M,-5.61%
8/4/2022,"10,700.00","11,000.00","11,100.00","10,600.00",2.05M,-3.60%
7/4/2022,"11,100.00","11,100.00","11,300.00","10,900.00",1.12M,-0.89%
6/4/2022,"11,200.00","11,500.00","11,500.00","11,100.00",1.21M,-2.61%
5/4/2022,"11,500.00","11,800.00","11,800.00","11,400.00",966.71K,2.85%
4/4/2022,"11,181.00","10,990.00","11,277.00","10,990.00",2.24M,1.74%
1/4/2022,"10,990.00","11,086.00","11,181.00","10,704.00",2.91M,-0.87%
31/03/2022,"11,086.00","11,468.00","11,659.00","11,086.00",2.14M,-3.33%
30/03/2022,"11,468.00","12,041.00","12,041.00","11,373.00",3.75M,-4.76%
29/03/2022,"12,041.00","12,041.00","12,137.00","11,946.00",1.84M,0.00%
28/03/2022,"12,041.00","12,233.00","12,424.00","11,850.00",2.24M,-1.57%
25/03/2022,"12,233.00","11,850.00","12,424.00","11,755.00",4.52M,3.23%
24/03/2022,"11,850.00","11,946.00","11,946.00","11,755.00",1.21M,-0.80%
23/03/2022,"11,946.00","11,946.00","12,041.00","11,850.00",1.57M,0.00%
22/03/2022,"11,946.00","11,946.00","12,233.00","11,850.00",1.49M,0.00%
21/03/2022,"11,946.00","11,850.00","12,041.00","11,659.00",1.85M,0.81%
18/03/2022,"11,850.00","11,946.00","12,137.00","11,850.00",1.47M,-1.59%
17/03/2022,"12,041.00","11,946.00","12,137.00","11,850.00",1.35M,0.80%
16/03/2022,"11,946.00","11,850.00","12,233.00","11,755.00",1.12M,1.62%
15/03/2022,"11,755.00","11,850.00","11,946.00","11,564.00",1.14M,-0.80%
14/03/2022,"11,850.00","12,137.00","12,233.00","11,468.00",1.76M,-2.36%
11/3/2022,"12,137.00","12,615.00","12,710.00","12,041.00",1.97M,-3.79%
10/3/2022,"12,615.00","12,519.00","12,806.00","12,424.00",1.50M,1.54%
9/3/2022,"12,424.00","12,710.00","12,902.00","12,041.00",1.38M,-2.25%
8/3/2022,"12,710.00","12,328.00","12,902.00","12,137.00",3.85M,3.10%
7/3/2022,"12,328.00","12,233.00","12,328.00","12,041.00",2.01M,0.78%
4/3/2022,"12,233.00","12,233.00","12,328.00","12,041.00",1.59M,0.00%
3/3/2022,"12,233.00","12,137.00","12,233.00","11,946.00",1.11M,0.79%
2/3/2022,"12,137.00","12,424.00","12,519.00","12,041.00",1.23M,-1.55%
1/3/2022,"12,328.00","12,328.00","12,519.00","12,137.00",2.16M,0.00%
28/02/2022,"12,328.00","11,659.00","12,519.00","11,659.00",2.33M,5.74%
25/02/2022,"11,659.00","11,468.00","11,850.00","11,468.00",891.04K,1.67%
24/02/2022,"11,468.00","12,041.00","12,041.00","10,990.00",2.05M,-4.00%
23/02/2022,"11,946.00","11,946.00","12,137.00","11,755.00",1.33M,0.00%
22/02/2022,"11,946.00","12,137.00","12,424.00","11,755.00",1.61M,-0.79%
21/02/2022,"12,041.00","11,755.00","12,137.00","11,659.00",1.65M,3.28%
18/02/2022,"11,659.00","11,277.00","11,850.00","10,608.00",2.40M,4.28%
17/02/2022,"11,181.00","11,277.00","11,373.00","11,086.00",696.37K,-0.85%
16/02/2022,"11,277.00","10,990.00","11,373.00","10,990.00",578.47K,2.61%
15/02/2022,"10,990.00","10,990.00","11,086.00","10,799.00",659.61K,0.87%
14/02/2022,"10,895.00","11,277.00","11,277.00","10,895.00",989.68K,-3.39%
11/2/2022,"11,277.00","11,181.00","11,468.00","11,086.00",759.44K,0.00%
10/2/2022,"11,277.00","11,468.00","11,564.00","11,181.00",733.81K,-1.67%
9/2/2022,"11,468.00","10,990.00","11,564.00","10,895.00",1.57M,4.35%
8/2/2022,"10,990.00","10,895.00","10,990.00","10,704.00",734.47K,0.87%
7/2/2022,"10,895.00","10,226.00","10,990.00","10,226.00",894.44K,7.55%
28/01/2022,"10,130.00","10,321.00","10,321.00","9,939.00",864.36K,-1.85%
27/01/2022,"10,321.00","10,226.00","10,417.00","10,130.00",464.49K,0.93%
26/01/2022,"10,226.00","10,512.00","10,512.00","10,226.00",638.35K,-1.83%
25/01/2022,"10,417.00","10,130.00","10,512.00","9,939.00",794.16K,2.83%
24/01/2022,"10,130.00","11,086.00","11,086.00","10,035.00",1.04M,-8.62%
21/01/2022,"11,086.00","11,373.00","11,468.00","10,895.00",905.49K,-1.69%
20/01/2022,"11,277.00","10,417.00","11,373.00","10,226.00",892.36K,8.26%
19/01/2022,"10,417.00","9,939.00","10,608.00","9,843.00",957.27K,4.81%
18/01/2022,"9,939.00","10,895.00","10,895.00","9,843.00",2.49M,-8.77%
17/01/2022,"10,895.00","12,041.00","12,328.00","10,895.00",2.33M,-9.52%
14/01/2022,"12,041.00","11,946.00","12,233.00","11,468.00",1.49M,0.80%
13/01/2022,"11,946.00","12,902.00","12,902.00","11,659.00",4.80M,-7.41%
12/1/2022,"12,902.00","13,762.00","13,857.00","12,328.00",2.87M,-5.59%
11/1/2022,"13,666.00","14,335.00","14,526.00","13,666.00",1.99M,-4.67%
10/1/2022,"14,335.00","14,144.00","14,908.00","14,048.00",5.81M,2.04%
7/1/2022,"14,048.00","14,048.00","14,335.00","13,953.00",2.19M,0.00%
6/1/2022,"14,048.00","13,953.00","14,335.00","13,666.00",2.96M,1.38%
5/1/2022,"13,857.00","13,762.00","14,048.00","13,762.00",2.11M,0.69%
4/1/2022,"13,762.00","13,762.00","13,857.00","13,666.00",1.69M,0.00%
31/12/2021,"13,762.00","14,048.00","14,144.00","13,666.00",2.03M,-2.04%
30/12/2021,"14,048.00","14,048.00","14,240.00","13,857.00",1.17M,0.00%
29/12/2021,"14,048.00","14,622.00","14,622.00","14,048.00",1.69M,-3.93%
28/12/2021,"14,622.00","13,857.00","14,908.00","13,475.00",5.04M,5.52%
27/12/2021,"13,857.00","13,666.00","13,953.00","13,571.00",1.54M,2.11%
24/12/2021,"13,571.00","14,048.00","14,240.00","13,379.00",3.07M,-3.40%
23/12/2021,"14,048.00","14,431.00","14,622.00","13,666.00",3.22M,-2.00%
22/12/2021,"14,335.00","14,622.00","14,908.00","14,144.00",3.00M,-1.96%
21/12/2021,"14,622.00","14,240.00","15,100.00","14,048.00",5.68M,3.38%
20/12/2021,"14,144.00","14,048.00","14,335.00","13,857.00",3.18M,1.37%
17/12/2021,"13,953.00","14,335.00","14,526.00","13,953.00",2.42M,-2.66%
16/12/2021,"14,335.00","13,475.00","14,717.00","13,475.00",5.19M,6.38%
15/12/2021,"13,475.00","13,666.00","13,762.00","13,379.00",1.71M,-1.40%
14/12/2021,"13,666.00","13,762.00","14,144.00","13,571.00",2.28M,-0.70%
13/12/2021,"13,762.00","13,379.00","13,857.00","13,379.00",1.94M,2.86%
10/12/2021,"13,379.00","13,379.00","13,666.00","13,284.00",2.23M,-2.10%
9/12/2021,"13,666.00","13,379.00","13,857.00","13,188.00",1.75M,2.15%
8/12/2021,"13,379.00","13,953.00","14,048.00","13,379.00",1.50M,-2.78%
7/12/2021,"13,762.00","12,424.00","13,762.00","12,424.00",3.54M,9.93%
6/12/2021,"12,519.00","13,571.00","14,048.00","12,233.00",3.73M,-7.75%
3/12/2021,"13,571.00","14,335.00","14,622.00","13,571.00",3.29M,-5.33%
2/12/2021,"14,335.00","14,240.00","15,100.00","13,762.00",4.24M,0.67%
1/12/2021,"14,240.00","14,813.00","14,813.00","13,953.00",3.01M,-3.24%
30/11/2021,"14,717.00","13,475.00","14,813.00","13,475.00",8.08M,9.22%
29/11/2021,"13,475.00","12,328.00","13,475.00","11,850.00",5.68M,9.30%
26/11/2021,"12,328.00","12,710.00","12,806.00","12,233.00",2.42M,-3.01%
25/11/2021,"12,710.00","12,710.00","13,188.00","12,615.00",2.97M,0.00%
24/11/2021,"12,710.00","12,615.00","13,284.00","12,519.00",2.77M,0.75%
23/11/2021,"12,615.00","12,519.00","12,615.00","12,137.00",1.77M,1.54%
22/11/2021,"12,424.00","12,710.00","13,379.00","12,328.00",5.38M,-2.25%
19/11/2021,"12,710.00","12,615.00","13,379.00","12,233.00",6.95M,1.53%
18/11/2021,"12,519.00","12,424.00","12,806.00","12,233.00",3.15M,1.55%
17/11/2021,"12,328.00","12,519.00","12,710.00","12,233.00",2.16M,-0.77%
16/11/2021,"12,424.00","12,806.00","12,806.00","12,137.00",3.54M,-2.25%
15/11/2021,"12,710.00","12,233.00","12,997.00","12,041.00",5.66M,4.72%
12/11/2021,"12,137.00","12,233.00","12,328.00","11,850.00",2.87M,0.00%
11/11/2021,"12,137.00","12,233.00","12,519.00","11,946.00",4.24M,0.00%
10/11/2021,"12,137.00","11,373.00","12,328.00","11,181.00",6.85M,6.72%
9/11/2021,"11,373.00","11,468.00","11,659.00","11,181.00",3.51M,0.00%
8/11/2021,"11,373.00","10,895.00","11,373.00","10,799.00",2.11M,4.39%
5/11/2021,"10,895.00","10,704.00","11,181.00","10,608.00",1.25M,1.78%
4/11/2021,"10,704.00","10,799.00","11,086.00","10,512.00",1.84M,0.00%
3/11/2021,"10,704.00","11,468.00","11,659.00","10,704.00",3.33M,-6.66%
2/11/2021,"11,468.00","11,373.00","11,850.00","11,277.00",3.15M,1.69%
1/11/2021,"11,277.00","11,086.00","11,277.00","10,895.00",2.82M,1.72%
29/10/2021,"11,086.00","10,990.00","11,277.00","10,799.00",2.62M,0.87%
28/10/2021,"10,990.00","11,086.00","11,277.00","10,704.00",1.49M,-0.87%
27/10/2021,"11,086.00","10,321.00","11,181.00","10,130.00",4.59M,8.41%
26/10/2021,"10,226.00","10,321.00","10,417.00","9,843.00",1.04M,-1.83%
25/10/2021,"10,417.00","10,321.00","10,704.00","10,321.00",1.56M,0.00%
22/10/2021,"10,417.00","10,035.00","10,512.00","10,035.00",2.77M,3.81%
21/10/2021,"10,035.00","9,939.00","10,035.00","9,843.00",1.05M,0.97%
20/10/2021,"9,939.00","9,843.00","10,035.00","9,748.00",774.01K,1.96%
19/10/2021,"9,748.00","9,939.00","9,939.00","9,748.00",841.31K,-1.92%
18/10/2021,"9,939.00","10,035.00","10,035.00","9,843.00",921.81K,-0.96%
15/10/2021,"10,035.00","10,035.00","10,130.00","9,939.00",1.15M,0.00%
14/10/2021,"10,035.00","9,939.00","10,130.00","9,939.00",833.80K,0.97%
13/10/2021,"9,939.00","10,035.00","10,035.00","9,843.00",606.77K,0.00%
12/10/2021,"9,939.00","10,130.00","10,226.00","9,939.00",1.14M,-1.89%
11/10/2021,"10,130.00","10,226.00","10,321.00","10,035.00",561.13K,-0.94%
8/10/2021,"10,226.00","10,417.00","10,512.00","10,130.00",1.26M,-0.92%
7/10/2021,"10,321.00","9,843.00","10,608.00","9,652.00",2.11M,4.86%
6/10/2021,"9,843.00","9,939.00","9,939.00","9,748.00",742.40K,0.00%
5/10/2021,"9,843.00","9,461.00","9,843.00","9,461.00",919.51K,4.04%
4/10/2021,"9,461.00","9,557.00","9,652.00","9,461.00",975.76K,-1.00%
1/10/2021,"9,557.00","9,748.00","9,748.00","9,461.00",758.75K,-0.98%
30/09/2021,"9,652.00","9,557.00","9,748.00","9,461.00",595.23K,0.99%
29/09/2021,"9,557.00","9,748.00","9,748.00","9,461.00",1.03M,-1.96%
28/09/2021,"9,748.00","9,557.00","9,939.00","9,270.00",1.32M,0.99%
27/09/2021,"9,652.00","10,417.00","10,417.00","9,652.00",2.72M,-7.34%
24/09/2021,"10,417.00","10,512.00","10,512.00","10,321.00",1.29M,-0.90%
23/09/2021,"10,512.00","10,799.00","10,895.00","10,417.00",1.44M,-1.79%
22/09/2021,"10,704.00","10,417.00","10,895.00","10,321.00",2.56M,3.71%
21/09/2021,"10,321.00","10,704.00","10,799.00","10,226.00",3.18M,-4.43%
20/09/2021,"10,799.00","10,895.00","11,086.00","10,704.00",2.29M,-0.88%
17/09/2021,"10,895.00","10,895.00","10,990.00","10,704.00",1.98M,0.00%
16/09/2021,"10,895.00","11,086.00","11,181.00","10,799.00",1.03M,-0.86%
15/09/2021,"10,990.00","10,512.00","11,277.00","10,035.00",3.15M,4.55%
14/09/2021,"10,512.00","11,086.00","11,277.00","10,417.00",5.23M,-5.18%
13/09/2021,"11,086.00","11,659.00","11,850.00","10,990.00",4.00M,-5.69%
10/9/2021,"11,755.00","11,755.00","12,041.00","11,659.00",2.22M,0.00%
9/9/2021,"11,755.00","12,041.00","12,041.00","11,755.00",1.73M,-1.60%
8/9/2021,"11,946.00","11,850.00","12,137.00","11,564.00",2.60M,1.62%
7/9/2021,"11,755.00","12,233.00","12,328.00","11,659.00",3.55M,-3.91%
6/9/2021,"12,233.00","12,137.00","12,806.00","11,850.00",5.89M,0.79%
1/9/2021,"12,137.00","11,755.00","12,328.00","11,373.00",4.96M,2.42%
31/08/2021,"11,850.00","12,328.00","12,615.00","11,564.00",4.53M,-3.88%
30/08/2021,"12,328.00","11,468.00","12,424.00","11,373.00",6.60M,8.40%
27/08/2021,"11,373.00","10,130.00","11,373.00","9,939.00",8.52M,9.18%
26/08/2021,"10,417.00","10,417.00","10,895.00","10,130.00",1.69M,0.00%
25/08/2021,"10,417.00","10,704.00","10,704.00","10,035.00",1.75M,-1.80%
24/08/2021,"10,608.00","10,895.00","11,373.00","10,512.00",2.18M,-2.63%
23/08/2021,"10,895.00","10,799.00","11,468.00","10,226.00",2.99M,0.00%
20/08/2021,"10,895.00","11,659.00","11,850.00","10,512.00",3.93M,-5.79%
19/08/2021,"11,564.00","11,468.00","11,946.00","10,895.00",4.86M,6.14%
18/08/2021,"10,895.00","10,035.00","10,895.00","9,939.00",5.97M,9.62%
17/08/2021,"9,939.00","9,079.00","9,939.00","9,079.00",4.14M,9.47%
16/08/2021,"9,079.00","8,888.00","9,079.00","8,888.00",743.37K,2.15%
13/08/2021,"8,888.00","9,079.00","9,079.00","8,792.00",892.41K,-1.06%
12/8/2021,"8,983.00","8,888.00","9,079.00","8,792.00",840.62K,1.07%
11/8/2021,"8,888.00","8,792.00","8,983.00","8,792.00",935.14K,1.09%
10/8/2021,"8,792.00","8,888.00","8,888.00","8,601.00",1.33M,-1.08%
9/8/2021,"8,888.00","8,792.00","8,888.00","8,505.00",537.95K,1.09%
6/8/2021,"8,792.00","8,983.00","9,079.00","8,792.00",1.12M,0.00%
5/8/2021,"8,792.00","8,028.00","8,792.00","7,932.00",2.11M,9.52%
4/8/2021,"8,028.00","8,123.00","8,123.00","7,932.00",405.29K,-1.17%
3/8/2021,"8,123.00","8,028.00","8,123.00","7,932.00",380.24K,1.18%
2/8/2021,"8,028.00","8,028.00","8,123.00","7,932.00",428.72K,0.00%
30/07/2021,"8,028.00","7,932.00","8,028.00","7,837.00",465.46K,1.21%
29/07/2021,"7,932.00","7,837.00","8,028.00","7,741.00",486.99K,1.21%
28/07/2021,"7,837.00","7,932.00","8,028.00","7,837.00",268.45K,-1.20%
27/07/2021,"7,932.00","7,932.00","8,028.00","7,837.00",261.40K,0.00%
26/07/2021,"7,932.00","8,028.00","8,028.00","7,741.00",383.64K,-1.20%
23/07/2021,"8,028.00","8,028.00","8,028.00","7,837.00",311.97K,0.00%
22/07/2021,"8,028.00","8,028.00","8,123.00","7,837.00",411.58K,0.00%
21/07/2021,"8,028.00","8,028.00","8,123.00","7,837.00",217.20K,0.00%
20/07/2021,"8,028.00","7,837.00","8,028.00","7,741.00",574.93K,2.44%
19/07/2021,"7,837.00","8,123.00","8,123.00","7,645.00",786.78K,-3.52%
16/07/2021,"8,123.00","8,123.00","8,123.00","7,932.00",369.87K,0.00%
15/07/2021,"8,123.00","8,028.00","8,123.00","7,932.00",223.22K,1.18%
14/07/2021,"8,028.00","8,123.00","8,219.00","7,837.00",237.70K,-1.17%
13/07/2021,"8,123.00","7,837.00","8,219.00","7,837.00",456.01K,3.65%
12/7/2021,"7,837.00","8,410.00","8,410.00","7,550.00",1.24M,-5.74%
9/7/2021,"8,314.00","8,601.00","8,697.00","8,314.00",620.92K,-4.40%
8/7/2021,"8,697.00","8,697.00","8,697.00","8,505.00",522.59K,0.00%
7/7/2021,"8,697.00","8,888.00","9,079.00","8,505.00",1.23M,-2.15%
6/7/2021,"8,888.00","9,079.00","9,174.00","8,888.00",809.36K,-2.10%
5/7/2021,"9,079.00","9,270.00","9,270.00","8,983.00",1.16M,-2.06%
2/7/2021,"9,270.00","9,366.00","9,461.00","9,174.00",729.14K,-1.02%
1/7/2021,"9,366.00","9,366.00","9,461.00","9,270.00",893.38K,-1.00%
30/06/2021,"9,461.00","9,461.00","9,557.00","9,366.00",452.90K,0.00%
29/06/2021,"9,461.00","9,461.00","9,557.00","9,366.00",827.35K,0.00%
28/06/2021,"9,461.00","9,461.00","9,557.00","9,366.00",945.84K,0.00%
25/06/2021,"9,461.00","9,748.00","9,748.00","9,461.00",772.92K,-1.00%
24/06/2021,"9,557.00","9,652.00","9,652.00","9,557.00",1.00M,-0.98%
23/06/2021,"9,652.00","9,748.00","9,748.00","9,557.00",864.10K,-0.98%
22/06/2021,"9,748.00","9,939.00","9,939.00","9,748.00",1.08M,-0.97%
21/06/2021,"9,843.00","9,748.00","9,843.00","9,557.00",1.70M,0.97%
18/06/2021,"9,748.00","9,748.00","9,843.00","9,652.00",939.61K,-0.97%
17/06/2021,"9,843.00","9,843.00","9,843.00","9,652.00",809.56K,0.00%
16/06/2021,"9,843.00","9,557.00","10,035.00","9,461.00",2.31M,2.99%
15/06/2021,"9,557.00","9,652.00","9,748.00","9,461.00",1.23M,-0.98%
14/06/2021,"9,652.00","9,748.00","9,748.00","9,557.00",1.45M,-0.98%
11/6/2021,"9,748.00","9,557.00","9,748.00","9,461.00",1.14M,2.00%
10/6/2021,"9,557.00","9,748.00","9,843.00","9,366.00",1.69M,-2.91%
9/6/2021,"9,843.00","9,843.00","9,939.00","9,557.00",1.14M,0.00%
8/6/2021,"9,843.00","10,226.00","10,608.00","9,748.00",1.87M,-4.63%
7/6/2021,"10,321.00","9,939.00","10,417.00","9,843.00",3.77M,5.88%
4/6/2021,"9,748.00","9,652.00","9,843.00","9,461.00",1.91M,0.99%
3/6/2021,"9,652.00","9,461.00","9,748.00","9,366.00",1.56M,2.02%
2/6/2021,"9,461.00","9,652.00","9,652.00","9,366.00",825.10K,-1.98%
1/6/2021,"9,652.00","9,843.00","10,130.00","9,557.00",2.03M,-0.98%
31/05/2021,"9,748.00","8,697.00","9,843.00","8,697.00",2.39M,8.52%
28/05/2021,"8,983.00","8,697.00","8,983.00","8,697.00",774.27K,3.29%
27/05/2021,"8,697.00","8,888.00","8,983.00","8,697.00",666.42K,-2.15%
26/05/2021,"8,888.00","9,079.00","9,079.00","8,792.00",715.87K,-1.06%
25/05/2021,"8,983.00","9,079.00","9,174.00","8,983.00",584.97K,-1.06%
24/05/2021,"9,079.00","8,983.00","9,270.00","8,888.00",815.83K,2.15%
21/05/2021,"8,888.00","8,792.00","9,270.00","8,410.00",1.21M,2.20%
20/05/2021,"8,697.00","8,983.00","8,983.00","8,601.00",1.09M,-3.18%
19/05/2021,"8,983.00","9,366.00","9,366.00","8,983.00",1.57M,-4.09%
18/05/2021,"9,366.00","9,557.00","9,557.00","9,366.00",932.11K,-2.00%
17/05/2021,"9,557.00","9,748.00","9,843.00","9,461.00",1.08M,-1.96%
14/05/2021,"9,748.00","9,748.00","9,843.00","9,557.00",947.09K,0.99%
13/05/2021,"9,652.00","10,130.00","10,130.00","9,652.00",880.61K,-3.82%
12/5/2021,"10,035.00","9,557.00","10,130.00","9,557.00",631.63K,5.00%
11/5/2021,"9,557.00","9,557.00","9,748.00","9,461.00",961.36K,0.00%
10/5/2021,"9,557.00","9,843.00","9,843.00","9,366.00",1.37M,-2.91%
7/5/2021,"9,843.00","10,035.00","10,035.00","9,748.00",1.20M,-1.91%
6/5/2021,"10,035.00","10,226.00","10,226.00","9,939.00",859.20K,-1.87%
5/5/2021,"10,226.00","10,130.00","10,321.00","9,843.00",1.20M,0.95%
4/5/2021,"10,130.00","10,321.00","10,512.00","9,461.00",766.48K,-3.63%
29/04/2021,"10,512.00","10,608.00","10,799.00","10,417.00",597.17K,-0.90%
28/04/2021,"10,608.00","10,608.00","10,704.00","10,417.00",484.00K,0.00%
27/04/2021,"10,608.00","10,704.00","10,799.00","10,417.00",650.74K,0.00%
26/04/2021,"10,608.00","10,990.00","11,181.00","10,608.00",800.27K,-3.48%
23/04/2021,"10,990.00","11,086.00","11,277.00","10,512.00",987.03K,0.87%
22/04/2021,"10,895.00","11,564.00","11,659.00","10,895.00",1.46M,-5.79%
20/04/2021,"11,564.00","11,659.00","11,850.00","11,468.00",1.25M,-0.81%
19/04/2021,"11,659.00","11,468.00","11,850.00","11,468.00",1.03M,-1.61%
16/04/2021,"11,850.00","12,137.00","12,328.00","11,564.00",1.77M,-47.14%
15/04/2021,"22,419.00","22,593.00","22,940.00","22,071.00",969.39K,-0.77%
14/04/2021,"22,593.00","22,245.00","22,593.00","21,898.00",936.46K,1.56%
13/04/2021,"22,245.00","22,071.00","22,940.00","22,071.00",1.90M,0.79%
12/4/2021,"22,071.00","21,898.00","22,245.00","21,724.00",959.51K,0.79%
9/4/2021,"21,898.00","22,245.00","22,245.00","21,898.00",594.29K,-1.56%
8/4/2021,"22,245.00","21,898.00","22,419.00","21,550.00",890.46K,1.58%
7/4/2021,"21,898.00","21,376.00","22,245.00","21,203.00",1.08M,2.44%
6/4/2021,"21,376.00","21,550.00","21,550.00","21,203.00",515.12K,-0.81%
5/4/2021,"21,550.00","21,376.00","21,550.00","21,203.00",390.86K,0.81%
2/4/2021,"21,376.00","21,550.00","21,898.00","21,203.00",522.97K,-0.81%
1/4/2021,"21,550.00","21,203.00","21,550.00","21,029.00",642.01K,1.64%
31/03/2021,"21,203.00","21,550.00","21,550.00","21,029.00",379.22K,-1.61%
30/03/2021,"21,550.00","21,029.00","21,898.00","20,681.00",699.32K,2.48%
29/03/2021,"21,029.00","21,029.00","21,376.00","20,681.00",362.14K,0.00%
26/03/2021,"21,029.00","21,029.00","21,203.00","19,986.00",887.09K,-0.82%
25/03/2021,"21,203.00","21,898.00","21,898.00","21,029.00",836.75K,-3.93%
24/03/2021,"22,071.00","22,419.00","22,593.00","21,550.00",669.88K,-2.31%
23/03/2021,"22,593.00","23,462.00","23,809.00","22,419.00",569.61K,-2.98%
22/03/2021,"23,288.00","21,550.00","23,636.00","21,376.00",2.13M,8.06%
19/03/2021,"21,550.00","21,550.00","21,550.00","21,203.00",254.76K,0.00%
18/03/2021,"21,550.00","21,550.00","21,724.00","21,203.00",315.01K,0.00%
17/03/2021,"21,550.00","21,550.00","21,550.00","21,376.00",200.95K,0.00%
16/03/2021,"21,550.00","21,550.00","21,724.00","21,203.00",322.80K,0.00%
15/03/2021,"21,550.00","21,898.00","21,898.00","21,376.00",229.08K,-0.80%
12/3/2021,"21,724.00","21,724.00","21,898.00","21,376.00",331.93K,0.81%
11/3/2021,"21,550.00","21,898.00","21,898.00","21,550.00",298.14K,-1.59%
10/3/2021,"21,898.00","22,071.00","22,245.00","21,724.00",294.13K,-0.78%
9/3/2021,"22,071.00","22,245.00","22,419.00","21,724.00",312.32K,0.00%
8/3/2021,"22,071.00","21,203.00","22,245.00","21,029.00",857.06K,4.09%
5/3/2021,"21,203.00","21,203.00","21,203.00","20,681.00",256.59K,0.00%
4/3/2021,"21,203.00","21,203.00","21,376.00","20,681.00",295.36K,-0.81%
3/3/2021,"21,376.00","21,376.00","21,550.00","21,029.00",212.02K,0.00%
2/3/2021,"21,376.00","22,593.00","22,593.00","21,203.00",187.03K,-0.81%
1/3/2021,"21,550.00","21,376.00","21,550.00","20,160.00",403.65K,0.81%
26/02/2021,"21,376.00","21,029.00","21,376.00","20,855.00",219.02K,0.00%
25/02/2021,"21,376.00","21,376.00","21,376.00","20,855.00",295.22K,-0.81%
24/02/2021,"21,550.00","21,724.00","21,724.00","21,029.00",327.74K,-0.80%
23/02/2021,"21,724.00","21,898.00","21,898.00","21,376.00",244.67K,0.81%
22/02/2021,"21,550.00","21,203.00","21,898.00","20,855.00",548.02K,3.33%
19/02/2021,"20,855.00","20,507.00","20,855.00","20,160.00",277.74K,1.70%
18/02/2021,"20,507.00","20,160.00","20,681.00","19,986.00",287.71K,1.72%
17/02/2021,"20,160.00","19,465.00","20,507.00","19,465.00",287.80K,4.50%
9/2/2021,"19,291.00","18,943.00","19,638.00","18,769.00",246.45K,1.84%
8/2/2021,"18,943.00","19,465.00","19,638.00","18,943.00",238.68K,-2.68%
5/2/2021,"19,465.00","19,638.00","19,812.00","19,291.00",176.65K,0.00%
4/2/2021,"19,465.00","19,986.00","19,986.00","19,291.00",260.01K,-0.88%
3/2/2021,"19,638.00","18,943.00","19,638.00","18,769.00",339.37K,4.63%
2/2/2021,"18,769.00","18,248.00","19,117.00","18,074.00",252.72K,2.86%
1/2/2021,"18,248.00","19,465.00","19,638.00","18,248.00",310.26K,-5.41%
29/01/2021,"19,291.00","16,510.00","19,465.00","16,510.00",485.01K,5.72%
28/01/2021,"18,248.00","19,812.00","19,986.00","18,248.00",788.00K,-9.48%
27/01/2021,"20,160.00","21,376.00","21,898.00","20,160.00",565.56K,-6.45%
26/01/2021,"21,550.00","22,593.00","22,593.00","21,203.00",517.76K,-2.36%
25/01/2021,"22,071.00","22,593.00","22,593.00","22,071.00",413.83K,-2.31%
22/01/2021,"22,593.00","22,767.00","22,767.00","22,245.00",350.36K,-0.76%
21/01/2021,"22,767.00","22,419.00","22,767.00","22,071.00",260.63K,1.55%
20/01/2021,"22,419.00","22,593.00","22,593.00","21,029.00",454.28K,0.78%
19/01/2021,"22,245.00","23,809.00","23,983.00","21,550.00",1.10M,-6.57%
18/01/2021,"23,809.00","23,462.00","23,983.00","23,114.00",656.99K,1.48%
15/01/2021,"23,462.00","23,114.00","23,636.00","23,114.00",684.42K,1.51%
14/01/2021,"23,114.00","23,809.00","23,809.00","22,940.00",830.01K,-2.21%
13/01/2021,"23,636.00","24,331.00","24,678.00","23,636.00",744.00K,-2.16%
12/1/2021,"24,157.00","23,983.00","25,026.00","23,636.00",1.03M,0.73%
11/1/2021,"23,983.00","22,940.00","25,026.00","22,593.00",1.83M,1.84%
8/1/2021,"23,550.00","24,243.00","24,359.00","23,435.00",2.81M,-2.40%
7/1/2021,"24,128.00","24,128.00","24,243.00","23,781.00",1.21M,0.48%
6/1/2021,"24,012.00","24,243.00","24,589.00","24,012.00",1.46M,-0.95%
5/1/2021,"24,243.00","24,474.00","24,820.00","24,128.00",1.21M,-0.94%
4/1/2021,"24,474.00","24,589.00","25,167.00","24,243.00",1.45M,0.00%
31/12/2020,"24,474.00","24,012.00","24,820.00","23,666.00",1.68M,2.41%
30/12/2020,"23,897.00","24,474.00","24,589.00","23,666.00",1.99M,-2.81%
29/12/2020,"24,589.00","25,744.00","26,206.00","24,243.00",2.75M,0.00%
28/12/2020,"24,589.00","22,511.00","24,589.00","22,511.00",3.34M,9.79%
25/12/2020,"22,396.00","21,934.00","22,396.00","21,588.00",1.44M,2.64%
24/12/2020,"21,819.00","21,473.00","22,396.00","21,011.00",1.87M,3.28%
23/12/2020,"21,126.00","21,819.00","22,050.00","20,895.00",902.80K,-3.18%
22/12/2020,"21,819.00","21,242.00","22,165.00","21,242.00",937.38K,2.72%
21/12/2020,"21,242.00","20,664.00","21,242.00","20,434.00",989.91K,2.80%
18/12/2020,"20,664.00","20,434.00","20,780.00","20,434.00",459.93K,0.00%
17/12/2020,"20,664.00","20,895.00","21,011.00","20,434.00",501.59K,-1.11%
16/12/2020,"20,895.00","19,741.00","21,126.00","19,741.00",1.39M,5.85%
15/12/2020,"19,741.00","19,856.00","19,972.00","19,741.00",391.36K,0.00%
14/12/2020,"19,741.00","19,510.00","19,856.00","19,510.00",431.33K,1.18%
11/12/2020,"19,510.00","19,510.00","19,625.00","19,164.00",256.83K,0.00%
10/12/2020,"19,510.00","19,741.00","19,856.00","19,510.00",264.57K,-1.17%
9/12/2020,"19,741.00","20,087.00","20,087.00","19,741.00",378.37K,-1.72%
8/12/2020,"20,087.00","19,510.00","20,203.00","19,510.00",519.70K,2.96%
7/12/2020,"19,510.00","19,395.00","19,625.00","19,395.00",332.96K,0.59%
4/12/2020,"19,395.00","19,395.00","19,510.00","19,164.00",276.63K,0.00%
3/12/2020,"19,395.00","18,933.00","19,625.00","18,933.00",284.04K,2.44%
2/12/2020,"18,933.00","18,702.00","19,048.00","18,702.00",184.87K,-0.60%
1/12/2020,"19,048.00","19,048.00","19,048.00","18,586.00",253.69K,0.00%
30/11/2020,"19,048.00","18,933.00","19,164.00","18,933.00",133.55K,0.00%
27/11/2020,"19,048.00","19,048.00","19,164.00","18,933.00",160.63K,0.00%
26/11/2020,"19,048.00","18,933.00","19,164.00","18,817.00",224.89K,0.61%
25/11/2020,"18,933.00","19,395.00","19,510.00","18,471.00",302.33K,-1.79%
24/11/2020,"19,279.00","19,395.00","19,625.00","19,048.00",329.60K,-0.60%
23/11/2020,"19,395.00","18,471.00","19,510.00","18,356.00",434.93K,5.00%
20/11/2020,"18,471.00","18,471.00","18,471.00","18,240.00",241.39K,0.00%
19/11/2020,"18,471.00","18,471.00","18,471.00","17,894.00",250.50K,0.00%
18/11/2020,"18,471.00","18,356.00","18,471.00","18,240.00",242.25K,0.63%
17/11/2020,"18,356.00","18,471.00","18,471.00","18,240.00",104.46K,-0.62%
16/11/2020,"18,471.00","18,586.00","18,586.00","18,356.00",234.43K,-0.62%
13/11/2020,"18,586.00","18,586.00","18,586.00","18,471.00",109.56K,0.00%
12/11/2020,"18,586.00","18,586.00","18,586.00","18,471.00",113.38K,0.00%
11/11/2020,"18,586.00","18,586.00","18,586.00","18,471.00",154.90K,0.00%
10/11/2020,"18,586.00","18,586.00","18,817.00","18,471.00",223.10K,0.00%
9/11/2020,"18,586.00","18,586.00","18,702.00","18,471.00",252.87K,-0.62%
6/11/2020,"18,702.00","19,279.00","19,279.00","18,471.00",111.25K,0.62%
5/11/2020,"18,586.00","18,702.00","18,817.00","18,586.00",163.30K,-0.62%
4/11/2020,"18,702.00","18,702.00","18,817.00","18,471.00",146.86K,0.62%
3/11/2020,"18,586.00","19,164.00","19,164.00","18,356.00",296.30K,0.62%
2/11/2020,"18,471.00","18,471.00","18,471.00","18,240.00",145.65K,0.00%
30/10/2020,"18,471.00","18,586.00","18,702.00","18,240.00",112.73K,0.63%
29/10/2020,"18,356.00","18,356.00","18,471.00","18,125.00",256.40K,0.00%
28/10/2020,"18,356.00","19,164.00","19,164.00","18,356.00",366.38K,-4.22%
27/10/2020,"19,164.00","19,279.00","19,395.00","19,164.00",203.00K,-1.19%
26/10/2020,"19,395.00","19,510.00","19,741.00","19,395.00",251.26K,-0.59%
23/10/2020,"19,510.00","19,164.00","19,510.00","19,164.00",292.44K,1.20%
22/10/2020,"19,279.00","19,048.00","19,279.00","18,933.00",127.18K,1.21%
21/10/2020,"19,048.00","19,048.00","19,395.00","18,933.00",224.72K,0.00%
20/10/2020,"19,048.00","19,395.00","19,395.00","19,048.00",169.62K,-1.20%
19/10/2020,"19,279.00","19,279.00","19,510.00","19,048.00",311.71K,0.00%
16/10/2020,"19,279.00","19,279.00","19,510.00","19,279.00",143.28K,-0.60%
15/10/2020,"19,395.00","19,625.00","19,741.00","19,279.00",259.85K,-1.17%
14/10/2020,"19,625.00","19,741.00","19,972.00","19,395.00",206.85K,0.00%
13/10/2020,"19,625.00","19,972.00","20,087.00","19,625.00",191.19K,-1.74%
12/10/2020,"19,972.00","20,203.00","20,318.00","19,741.00",284.13K,-0.57%
9/10/2020,"20,087.00","19,856.00","20,549.00","19,741.00",436.18K,1.75%
8/10/2020,"19,741.00","19,625.00","19,856.00","19,510.00",283.66K,0.59%
7/10/2020,"19,625.00","19,625.00","19,625.00","19,510.00",204.06K,0.00%
6/10/2020,"19,625.00","19,625.00","19,856.00","19,510.00",233.58K,0.00%
5/10/2020,"19,625.00","19,741.00","19,741.00","19,510.00",254.58K,0.00%
2/10/2020,"19,625.00","19,856.00","19,972.00","19,279.00",443.89K,-1.16%
1/10/2020,"19,856.00","19,395.00","19,856.00","19,395.00",239.61K,1.77%
30/09/2020,"19,510.00","19,510.00","19,625.00","19,279.00",381.40K,-0.59%
29/09/2020,"19,625.00","20,087.00","20,087.00","19,395.00",469.24K,-1.74%
28/09/2020,"19,972.00","20,318.00","20,318.00","19,856.00",408.95K,-1.14%
25/09/2020,"20,203.00","20,203.00","20,318.00","20,087.00",260.90K,-0.57%
24/09/2020,"20,318.00","20,434.00","20,549.00","20,203.00",229.18K,-0.57%
23/09/2020,"20,434.00","20,203.00","20,780.00","20,203.00",544.40K,1.73%
22/09/2020,"20,087.00","20,434.00","20,434.00","20,087.00",559.55K,-1.70%
21/09/2020,"20,434.00","20,549.00","20,664.00","20,318.00",255.13K,0.00%
18/09/2020,"20,434.00","20,434.00","20,549.00","20,203.00",285.92K,0.00%
17/09/2020,"20,434.00","20,664.00","20,780.00","20,318.00",386.29K,-1.11%
16/09/2020,"20,664.00","20,434.00","20,780.00","20,318.00",278.63K,1.13%
15/09/2020,"20,434.00","20,549.00","20,664.00","20,203.00",571.84K,-0.56%
14/09/2020,"20,549.00","21,011.00","21,011.00","20,434.00",575.28K,-1.66%
11/9/2020,"20,895.00","21,011.00","21,242.00","20,780.00",926.88K,1.12%
10/9/2020,"20,664.00","21,011.00","21,242.00","20,087.00",1.67M,3.46%
9/9/2020,"19,972.00","19,395.00","20,087.00","19,164.00",891.00K,2.97%
8/9/2020,"19,395.00","19,279.00","19,510.00","19,164.00",217.99K,0.60%
7/9/2020,"19,279.00","19,510.00","19,741.00","19,279.00",418.55K,-0.60%
4/9/2020,"19,395.00","19,395.00","19,510.00","18,702.00",318.34K,0.00%
3/9/2020,"19,395.00","19,741.00","19,972.00","19,395.00",503.38K,-1.17%
1/9/2020,"19,625.00","19,625.00","20,087.00","19,510.00",737.20K,0.59%
31/08/2020,"19,510.00","19,048.00","19,741.00","19,048.00",396.77K,1.81%
28/08/2020,"19,164.00","18,817.00","19,625.00","18,702.00",684.38K,2.47%
27/08/2020,"18,702.00","18,702.00","18,933.00","18,586.00",388.62K,0.00%
26/08/2020,"18,702.00","18,586.00","18,702.00","18,471.00",277.76K,0.62%
25/08/2020,"18,586.00","18,702.00","18,817.00","18,356.00",403.56K,0.00%
24/08/2020,"18,586.00","18,702.00","19,164.00","18,586.00",303.05K,-0.62%
21/08/2020,"18,702.00","18,471.00","18,702.00","18,471.00",280.32K,1.25%
20/08/2020,"18,471.00","18,817.00","18,817.00","18,125.00",405.09K,-1.24%
19/08/2020,"18,702.00","18,586.00","19,048.00","18,240.00",502.37K,2.53%
18/08/2020,"18,240.00","17,086.00","18,356.00","16,970.00",554.46K,6.75%
17/08/2020,"17,086.00","17,086.00","17,086.00","16,855.00",190.14K,0.00%
14/08/2020,"17,086.00","17,201.00","17,201.00","16,970.00",216.14K,-0.67%
13/08/2020,"17,201.00","17,086.00","17,317.00","16,970.00",336.18K,0.67%
12/8/2020,"17,086.00","17,201.00","17,317.00","16,970.00",281.20K,-0.67%
11/8/2020,"17,201.00","17,201.00","17,317.00","16,970.00",265.06K,0.67%
10/8/2020,"17,086.00","17,317.00","17,317.00","16,739.00",373.29K,0.00%
7/8/2020,"17,086.00","17,547.00","17,547.00","16,970.00",433.50K,-2.63%
6/8/2020,"17,547.00","17,663.00","17,663.00","17,317.00",351.36K,-0.66%
5/8/2020,"17,663.00","17,663.00","17,894.00","17,317.00",391.30K,0.00%
4/8/2020,"17,663.00","17,201.00","18,009.00","17,086.00",333.05K,2.69%
3/8/2020,"17,201.00","16,393.00","17,201.00","16,162.00",473.33K,3.47%
31/07/2020,"16,624.00","17,201.00","17,201.00","15,931.00",420.31K,-3.35%
30/07/2020,"17,201.00","16,855.00","17,317.00","16,624.00",258.02K,3.47%
29/07/2020,"16,624.00","17,894.00","18,125.00","16,162.00",505.17K,-6.49%
28/07/2020,"17,778.00","16,047.00","17,778.00","15,585.00",486.40K,10.00%
27/07/2020,"16,162.00","17,778.00","17,778.00","16,162.00",1.05M,-9.68%
24/07/2020,"17,894.00","19,510.00","19,510.00","17,778.00",804.54K,-7.74%
23/07/2020,"19,395.00","19,395.00","19,510.00","19,164.00",230.06K,0.00%
22/07/2020,"19,395.00","19,510.00","19,625.00","19,395.00",221.86K,-0.59%
21/07/2020,"19,510.00","19,625.00","19,741.00","19,395.00",226.64K,-0.59%
20/07/2020,"19,625.00","19,741.00","19,856.00","19,510.00",317.28K,-0.59%
17/07/2020,"19,741.00","19,625.00","19,741.00","19,510.00",321.70K,0.59%
16/07/2020,"19,625.00","19,741.00","19,856.00","19,510.00",283.43K,-0.59%
15/07/2020,"19,741.00","19,856.00","19,856.00","19,625.00",369.67K,0.00%
14/07/2020,"19,741.00","19,856.00","19,856.00","19,625.00",208.89K,0.00%
13/07/2020,"19,741.00","19,741.00","20,087.00","19,741.00",288.13K,-0.58%
10/7/2020,"19,856.00","19,856.00","19,856.00","19,510.00",505.30K,0.00%
9/7/2020,"19,856.00","19,972.00","19,972.00","19,741.00",292.21K,-0.58%
8/7/2020,"19,972.00","20,087.00","20,087.00","19,741.00",247.88K,1.17%
7/7/2020,"19,741.00","19,972.00","20,087.00","19,741.00",393.20K,-1.16%
6/7/2020,"19,972.00","19,856.00","20,087.00","19,625.00",418.52K,1.77%
3/7/2020,"19,625.00","19,625.00","19,741.00","19,395.00",271.68K,0.59%
2/7/2020,"19,510.00","19,856.00","19,972.00","19,279.00",234.77K,-1.17%
1/7/2020,"19,741.00","19,510.00","19,741.00","19,279.00",456.30K,1.18%
30/06/2020,"19,510.00","19,741.00","20,203.00","19,279.00",428.00K,0.00%
29/06/2020,"19,510.00","20,203.00","20,203.00","19,279.00",479.80K,-3.43%
26/06/2020,"20,203.00","20,434.00","20,664.00","20,087.00",320.86K,-1.13%
25/06/2020,"20,434.00","20,318.00","20,664.00","19,856.00",479.31K,0.00%
24/06/2020,"20,434.00","20,549.00","21,011.00","20,203.00",626.35K,-1.67%
23/06/2020,"20,780.00","21,473.00","21,473.00","20,434.00",704.91K,-2.17%
22/06/2020,"21,242.00","20,780.00","21,703.00","20,549.00",862.62K,3.37%
19/06/2020,"20,549.00","19,741.00","20,664.00","19,625.00",474.18K,4.71%
18/06/2020,"19,625.00","19,510.00","19,625.00","18,933.00",234.73K,1.79%
17/06/2020,"19,279.00","19,510.00","19,856.00","19,048.00",346.59K,-0.60%
16/06/2020,"19,395.00","18,586.00","19,510.00","18,586.00",570.64K,4.35%
15/06/2020,"18,586.00","20,318.00","20,434.00","18,356.00",1.35M,-8.52%
12/6/2020,"20,318.00","19,856.00","20,318.00","18,702.00",524.83K,2.33%
11/6/2020,"19,856.00","21,819.00","21,819.00","19,856.00",1.04M,-9.00%
10/6/2020,"21,819.00","22,050.00","22,050.00","21,588.00",636.15K,-1.56%
9/6/2020,"22,165.00","22,858.00","22,858.00","21,588.00",630.24K,-2.54%
8/6/2020,"22,742.00","21,934.00","23,204.00","21,934.00",762.35K,3.68%
5/6/2020,"21,934.00","20,203.00","21,934.00","20,087.00",963.62K,8.57%
4/6/2020,"20,203.00","19,972.00","20,664.00","19,972.00",899.22K,1.16%
3/6/2020,"19,972.00","19,625.00","19,972.00","19,395.00",396.67K,2.97%
2/6/2020,"19,395.00","19,856.00","19,856.00","19,395.00",338.25K,-1.75%
1/6/2020,"19,741.00","19,395.00","19,972.00","19,279.00",376.03K,2.40%
29/05/2020,"19,279.00","19,279.00","19,395.00","19,164.00",369.53K,-0.60%
28/05/2020,"19,395.00","19,395.00","19,510.00","18,933.00",293.40K,0.00%
27/05/2020,"19,395.00","20,203.00","20,318.00","19,395.00",457.19K,-3.45%
26/05/2020,"20,087.00","19,856.00","20,087.00","19,741.00",414.92K,1.75%
25/05/2020,"19,741.00","19,856.00","20,087.00","19,625.00",236.38K,0.00%
22/05/2020,"19,741.00","19,164.00","20,664.00","19,164.00",612.72K,3.01%
21/05/2020,"19,164.00","18,933.00","19,279.00","18,933.00",214.65K,0.00%
20/05/2020,"19,164.00","19,164.00","19,279.00","18,933.00",293.28K,0.00%
19/05/2020,"19,164.00","19,279.00","19,510.00","19,164.00",412.26K,-0.60%
18/05/2020,"19,279.00","19,395.00","19,741.00","19,164.00",455.77K,-0.60%
15/05/2020,"19,395.00","19,510.00","19,625.00","19,279.00",252.22K,-0.59%
14/05/2020,"19,510.00","19,741.00","19,741.00","19,395.00",412.46K,-1.17%
13/05/2020,"19,741.00","19,625.00","19,972.00","19,395.00",377.85K,0.59%
12/5/2020,"19,625.00","19,279.00","20,087.00","19,048.00",567.03K,1.79%
11/5/2020,"19,279.00","19,279.00","19,395.00","19,164.00",371.77K,0.00%
8/5/2020,"19,279.00","19,510.00","19,625.00","19,279.00",392.47K,-0.60%
7/5/2020,"19,395.00","19,510.00","19,510.00","19,164.00",272.17K,0.60%
6/5/2020,"19,279.00","19,048.00","19,741.00","19,048.00",376.25K,1.83%
5/5/2020,"18,933.00","19,279.00","19,279.00","18,817.00",281.01K,-1.79%
4/5/2020,"19,279.00","19,395.00","19,972.00","18,817.00",555.73K,-0.60%
29/04/2020,"19,395.00","18,240.00","19,510.00","18,009.00",521.46K,6.33%
28/04/2020,"18,240.00","18,009.00","18,240.00","17,663.00",173.06K,1.28%
27/04/2020,"18,009.00","18,471.00","18,471.00","17,778.00",398.55K,-2.50%
24/04/2020,"18,471.00","18,471.00","18,702.00","18,240.00",145.68K,-0.62%
23/04/2020,"18,586.00","18,933.00","18,933.00","18,356.00",161.87K,0.00%
22/04/2020,"18,586.00","17,894.00","18,933.00","17,086.00",275.74K,3.20%
21/04/2020,"18,009.00","18,933.00","18,933.00","17,201.00",725.07K,-4.88%
20/04/2020,"18,933.00","18,356.00","19,395.00","18,125.00",498.24K,3.80%
17/04/2020,"18,240.00","18,471.00","18,702.00","18,009.00",380.91K,0.63%
16/04/2020,"18,125.00","18,702.00","18,702.00","17,317.00",493.68K,6.08%
15/04/2020,"17,086.00","15,585.00","17,086.00","15,585.00",318.87K,9.63%
14/04/2020,"15,585.00","15,700.00","15,700.00","15,354.00",187.73K,0.00%
13/04/2020,"15,585.00","15,469.00","15,700.00","15,354.00",321.67K,0.75%
10/4/2020,"15,469.00","15,585.00","15,585.00","15,123.00",262.78K,-0.74%
9/4/2020,"15,585.00","15,469.00","15,816.00","15,354.00",531.95K,1.50%
8/4/2020,"15,354.00","16,162.00","16,162.00","15,008.00",437.76K,-2.20%
7/4/2020,"15,700.00","15,816.00","16,278.00","15,008.00",353.11K,0.74%
6/4/2020,"15,585.00","14,430.00","15,816.00","14,430.00",519.61K,8.00%
3/4/2020,"14,430.00","13,853.00","14,430.00","13,276.00",348.39K,8.69%
1/4/2020,"13,276.00","12,583.00","13,391.00","12,352.00",208.27K,5.51%
31/03/2020,"12,583.00","12,468.00","13,161.00","11,544.00",376.76K,0.92%
30/03/2020,"12,468.00","13,622.00","13,622.00","12,468.00",390.61K,-9.24%
27/03/2020,"13,738.00","14,084.00","14,084.00","13,391.00",273.72K,-2.46%
26/03/2020,"14,084.00","14,546.00","14,546.00","13,853.00",218.36K,-2.40%
25/03/2020,"14,430.00","13,853.00","14,546.00","13,738.00",665.52K,8.69%
24/03/2020,"13,276.00","13,738.00","13,738.00","12,814.00",282.17K,-3.36%
23/03/2020,"13,738.00","15,239.00","15,239.00","13,738.00",475.62K,-9.85%
20/03/2020,"15,239.00","15,585.00","15,700.00","14,892.00",229.67K,-2.22%
19/03/2020,"15,585.00","15,469.00","15,931.00","15,123.00",372.94K,-2.17%
18/03/2020,"15,931.00","15,354.00","16,162.00","15,354.00",478.92K,3.76%
17/03/2020,"15,354.00","15,008.00","15,354.00","13,853.00",444.01K,2.31%
16/03/2020,"15,008.00","15,700.00","15,816.00","14,200.00",412.44K,-4.41%
13/03/2020,"15,700.00","16,278.00","17,317.00","15,700.00",1.22M,-9.94%
12/3/2020,"17,432.00","19,048.00","19,048.00","17,432.00",453.76K,-9.58%
11/3/2020,"19,279.00","20,087.00","20,203.00","18,471.00",207.46K,-2.34%
10/3/2020,"19,741.00","19,395.00","20,318.00","17,663.00",398.27K,77.96%
9/3/2020,"11,093.00","12,289.00","12,289.00","11,093.00",1.24M,-9.73%
6/3/2020,"12,289.00","12,621.00","12,687.00","12,222.00",401.51K,-3.14%
5/3/2020,"12,687.00","12,887.00","12,953.00","12,621.00",1.10M,-1.55%
4/3/2020,"12,887.00","12,820.00","13,152.00","12,621.00",1.08M,0.52%
3/3/2020,"12,820.00","12,555.00","13,020.00","12,289.00",1.28M,3.20%
2/3/2020,"12,422.00","12,621.00","13,152.00","12,422.00",1.20M,0.54%
28/02/2020,"12,355.00","11,558.00","12,555.00","11,425.00",1.88M,8.14%
27/02/2020,"11,425.00","11,957.00","11,957.00","11,359.00",98.06K,1.17%
26/02/2020,"11,293.00","11,625.00","11,625.00","11,160.00",96.18K,-2.86%
25/02/2020,"11,625.00","11,160.00","11,957.00","10,960.00",338.76K,2.94%
24/02/2020,"11,293.00","11,691.00","11,691.00","11,226.00",252.92K,-3.40%
21/02/2020,"11,691.00","11,691.00","11,957.00","11,625.00",209.10K,0.00%
20/02/2020,"11,691.00","11,625.00","11,890.00","11,558.00",217.17K,1.15%
19/02/2020,"11,558.00","11,625.00","11,691.00","11,160.00",417.95K,0.00%
18/02/2020,"11,558.00","11,492.00","11,824.00","11,492.00",230.75K,1.16%
17/02/2020,"11,425.00","11,957.00","11,957.00","11,425.00",370.05K,-4.97%
14/02/2020,"12,023.00","12,090.00","12,222.00","11,890.00",174.16K,-0.55%
13/02/2020,"12,090.00","11,824.00","12,090.00","11,625.00",111.10K,1.11%
12/2/2020,"11,957.00","12,222.00","12,289.00","11,890.00",270.80K,-2.17%
11/2/2020,"12,222.00","12,488.00","12,621.00","12,090.00",360.91K,-3.16%
10/2/2020,"12,621.00","12,621.00","13,020.00","12,289.00",272.66K,-3.06%
7/2/2020,"13,020.00","12,488.00","13,152.00","11,890.00",337.33K,4.26%
6/2/2020,"12,488.00","11,492.00","12,555.00","11,093.00",669.17K,1.62%
5/2/2020,"12,289.00","13,617.00","13,617.00","12,289.00",1.10M,-9.75%
4/2/2020,"13,617.00","14,680.00","14,680.00","13,418.00",156.76K,-6.82%
3/2/2020,"14,614.00","15,212.00","16,075.00","14,614.00",1.45M,0.00%
31/01/2020,"14,614.00","13,219.00","14,614.00","13,219.00",1.74M,10.00%
30/01/2020,"13,285.00","12,621.00","13,285.00","12,289.00",62.95K,6.38%
22/01/2020,"12,488.00","12,754.00","12,754.00","11,625.00",175.99K,-2.09%
21/01/2020,"12,754.00","13,086.00","13,950.00","12,754.00",154.49K,-9.86%
20/01/2020,"14,149.00","13,020.00","14,149.00","12,687.00",186.23K,8.67%
17/01/2020,"13,020.00","13,219.00","13,219.00","12,289.00",305.93K,-4.38%
16/01/2020,"13,617.00","15,079.00","15,079.00","13,617.00",242.49K,-9.70%
15/01/2020,"15,079.00","15,278.00","15,411.00","14,946.00",220.82K,-1.30%
14/01/2020,"15,278.00","15,079.00","15,544.00","13,750.00",156.54K,0.00%
13/01/2020,"15,278.00","15,544.00","15,810.00","15,012.00",222.50K,-1.71%
10/1/2020,"15,544.00","15,942.00","15,942.00","15,411.00",123.48K,-1.26%
9/1/2020,"15,743.00","15,810.00","15,876.00","15,477.00",156.52K,-1.25%
8/1/2020,"15,942.00","15,544.00","15,942.00","15,145.00",261.70K,2.56%
7/1/2020,"15,544.00","16,009.00","16,009.00","15,477.00",301.57K,-2.90%
6/1/2020,"16,009.00","16,341.00","16,341.00","15,942.00",182.71K,-3.60%
3/1/2020,"16,607.00","16,607.00","16,740.00","16,341.00",186.51K,0.00%
2/1/2020,"16,607.00","16,075.00","16,607.00","15,810.00",239.98K,2.04%
31/12/2019,"16,275.00","15,743.00","16,275.00","15,743.00",243.26K,2.94%
30/12/2019,"15,810.00","15,610.00","15,876.00","15,411.00",170.94K,-0.42%
27/12/2019,"15,876.00","16,009.00","16,009.00","15,145.00",475.36K,-2.45%
26/12/2019,"16,275.00","16,939.00","16,939.00","15,677.00",249.19K,-2.00%
25/12/2019,"16,607.00","15,810.00","16,607.00","14,747.00",794.93K,4.17%
24/12/2019,"15,942.00","16,075.00","16,075.00","15,544.00",229.25K,-0.83%
23/12/2019,"16,075.00","15,942.00","16,142.00","15,743.00",172.59K,0.00%
20/12/2019,"16,075.00","16,075.00","16,275.00","15,876.00",289.30K,0.00%
19/12/2019,"16,075.00","16,075.00","16,075.00","15,677.00",229.95K,0.00%
18/12/2019,"16,075.00","16,009.00","16,407.00","15,876.00",290.22K,0.00%
17/12/2019,"16,075.00","16,607.00","16,607.00","15,942.00",467.86K,-3.59%
16/12/2019,"16,673.00","16,607.00","17,005.00","16,607.00",329.80K,0.40%
13/12/2019,"16,607.00","16,607.00","16,607.00","16,275.00",260.52K,0.00%
12/12/2019,"16,607.00","15,810.00","17,138.00","15,810.00",807.70K,6.39%
11/12/2019,"15,610.00","15,942.00","16,208.00","15,477.00",396.28K,-2.08%
10/12/2019,"15,942.00","15,610.00","16,075.00","15,278.00",381.63K,2.56%
9/12/2019,"15,544.00","15,477.00","15,677.00","14,614.00",347.91K,-0.42%
6/12/2019,"15,610.00","15,810.00","15,942.00","15,411.00",229.29K,-1.27%
5/12/2019,"15,810.00","15,942.00","16,009.00","15,610.00",238.93K,-1.24%
4/12/2019,"16,009.00","16,275.00","16,275.00","15,743.00",310.30K,1.69%
3/12/2019,"15,743.00","15,942.00","16,009.00","15,610.00",193.17K,-1.25%
2/12/2019,"15,942.00","15,743.00","16,009.00","15,677.00",419.67K,1.26%
29/11/2019,"15,743.00","15,012.00","15,743.00","15,012.00",451.39K,4.40%
28/11/2019,"15,079.00","14,946.00","15,212.00","14,415.00",208.46K,0.89%
27/11/2019,"14,946.00","14,215.00","15,212.00","14,215.00",525.62K,5.14%
26/11/2019,"14,215.00","14,016.00","14,481.00","14,016.00",206.05K,1.90%
25/11/2019,"13,950.00","14,082.00","14,282.00","13,617.00",366.43K,0.48%
22/11/2019,"13,883.00","13,750.00","13,883.00","13,352.00",463.09K,0.00%
21/11/2019,"13,883.00","14,215.00","14,215.00","13,551.00",357.98K,-2.79%
20/11/2019,"14,282.00","14,149.00","14,614.00","14,149.00",182.84K,0.94%
19/11/2019,"14,149.00","13,285.00","14,149.00","13,285.00",207.73K,7.58%
18/11/2019,"13,152.00","12,820.00","13,950.00","12,820.00",664.58K,2.59%
15/11/2019,"12,820.00","12,422.00","12,820.00","12,355.00",354.63K,2.11%
14/11/2019,"12,555.00","12,887.00","12,887.00","12,555.00",211.96K,-1.56%
13/11/2019,"12,754.00","12,687.00","12,754.00","12,422.00",223.51K,1.05%
12/11/2019,"12,621.00","12,289.00","12,687.00","12,289.00",222.67K,1.60%
11/11/2019,"12,422.00","12,355.00","12,422.00","12,222.00",259.31K,0.54%
8/11/2019,"12,355.00","12,422.00","12,422.00","12,222.00",143.70K,0.00%
7/11/2019,"12,355.00","12,289.00","12,355.00","12,090.00",145.24K,0.54%
6/11/2019,"12,289.00","11,558.00","12,488.00","11,359.00",364.82K,6.32%
5/11/2019,"11,558.00","11,492.00","11,558.00","11,425.00",115.47K,0.00%
4/11/2019,"11,558.00","11,492.00","11,558.00","11,226.00",118.83K,0.00%
1/11/2019,"11,558.00","11,425.00","11,558.00","11,293.00",19.10K,-0.58%
31/10/2019,"11,625.00","11,625.00","11,691.00","11,425.00",88.95K,-0.56%
30/10/2019,"11,691.00","11,625.00","11,691.00","11,293.00",133.74K,0.57%
29/10/2019,"11,625.00","11,293.00","11,625.00","11,293.00",120.47K,-1.68%
28/10/2019,"11,824.00","11,957.00","11,957.00","11,160.00",267.74K,-1.11%
25/10/2019,"11,957.00","11,824.00","11,957.00","11,492.00",13.89K,0.00%
24/10/2019,"11,957.00","12,222.00","12,222.00","11,691.00",16.01K,-2.70%
23/10/2019,"12,289.00","11,957.00","12,289.00","11,492.00",38.47K,1.65%
22/10/2019,"12,090.00","12,555.00","12,555.00","11,758.00",92.16K,1.11%
21/10/2019,"11,957.00","12,355.00","12,355.00","11,293.00",106.57K,-4.25%
18/10/2019,"12,488.00","12,555.00","12,555.00","12,156.00",140.98K,-2.09%
17/10/2019,"12,754.00","12,754.00","12,754.00","12,621.00",6.26K,0.00%
16/10/2019,"12,754.00","12,687.00","12,754.00","12,621.00",2.38K,0.00%
15/10/2019,"12,754.00","12,621.00","12,820.00","12,621.00",41.09K,1.05%
14/10/2019,"12,621.00","12,555.00","12,621.00","12,555.00",21.00K,0.00%
11/10/2019,"12,621.00","12,555.00","12,621.00","12,555.00",25.34K,0.53%
10/10/2019,"12,555.00","12,355.00","12,555.00","12,289.00",62.72K,0.00%
9/10/2019,"12,555.00","12,555.00","12,555.00","12,488.00",23.80K,0.00%
8/10/2019,"12,555.00","12,621.00","12,621.00","12,488.00",53.34K,0.00%
7/10/2019,"12,555.00","12,488.00","12,621.00","12,488.00",41.44K,0.54%
4/10/2019,"12,488.00","12,422.00","12,488.00","12,289.00",27.37K,0.53%
3/10/2019,"12,422.00","12,555.00","12,555.00","12,090.00",8.74K,2.75%
2/10/2019,"12,090.00","12,090.00","12,090.00","12,090.00",2.80K,-4.21%
1/10/2019,"12,621.00","12,355.00","12,621.00","12,023.00",86.94K,0.00%
30/09/2019,"12,621.00","12,555.00","12,687.00","12,555.00",159.32K,-0.52%
27/09/2019,"12,687.00","12,289.00","12,687.00","12,289.00",56.00K,1.05%
26/09/2019,"12,555.00","12,422.00","12,555.00","12,289.00",33.60K,0.54%
25/09/2019,"12,488.00","12,621.00","12,621.00","12,488.00",53.09K,-0.53%
24/09/2019,"12,555.00","12,422.00","12,687.00","12,422.00",32.20K,-0.52%
23/09/2019,"12,621.00","12,687.00","12,687.00","12,355.00",30.24K,-0.52%
20/09/2019,"12,687.00","12,754.00","12,754.00","12,555.00",111.44K,0.00%
19/09/2019,"12,687.00","12,953.00","12,953.00","12,488.00",170.38K,-0.53%
18/09/2019,"12,754.00","12,754.00","12,887.00","12,555.00",96.18K,0.00%
17/09/2019,"12,754.00","12,621.00","12,754.00","12,289.00",165.20K,1.05%
16/09/2019,"12,621.00","12,621.00","12,754.00","12,289.00",19.04K,-0.52%
13/09/2019,"12,687.00","12,621.00","12,754.00","12,555.00",215.74K,-1.04%
12/9/2019,"12,820.00","12,887.00","12,887.00","12,621.00",514.14K,0.00%
11/9/2019,"12,820.00","13,020.00","13,020.00","12,687.00",480.00K,-0.52%
10/9/2019,"12,887.00","12,953.00","13,020.00","12,687.00",494.62K,2.11%
9/9/2019,"12,621.00","12,422.00","12,953.00","12,222.00",155.07K,1.60%
6/9/2019,"12,422.00","12,289.00","12,422.00","12,222.00",158.57K,1.64%
5/9/2019,"12,222.00","12,422.00","12,422.00","11,957.00",95.91K,0.54%
4/9/2019,"12,156.00","12,289.00","12,355.00","12,090.00",72.82K,0.55%
3/9/2019,"12,090.00","12,156.00","12,422.00","12,090.00",166.12K,0.56%
30/08/2019,"12,023.00","11,758.00","12,023.00","11,492.00",179.65K,4.02%
29/08/2019,"11,558.00","11,625.00","12,090.00","11,558.00",62.59K,0.00%
28/08/2019,"11,558.00","11,425.00","11,691.00","11,226.00",173.74K,1.75%
27/08/2019,"11,359.00","11,226.00","11,625.00","11,226.00",46.20K,-0.58%
26/08/2019,"11,425.00","11,359.00","11,425.00","11,226.00",18.84K,0.58%
23/08/2019,"11,359.00","11,492.00","11,558.00","11,160.00",73.39K,0.00%
22/08/2019,"11,359.00","11,492.00","11,492.00","11,293.00",53.37K,-1.16%
21/08/2019,"11,492.00","11,425.00","11,625.00","11,359.00",61.74K,-1.70%
20/08/2019,"11,691.00","11,758.00","11,824.00","11,425.00",73.36K,0.00%
19/08/2019,"11,691.00","11,957.00","11,957.00","11,492.00",88.54K,-0.57%
16/08/2019,"11,758.00","12,090.00","12,156.00","11,758.00",60.20K,-2.75%
15/08/2019,"12,090.00","11,824.00","12,289.00","11,425.00",87.78K,1.11%
14/08/2019,"11,957.00","12,289.00","13,285.00","11,957.00",69.70K,-2.70%
13/08/2019,"12,289.00","12,289.00","12,621.00","12,156.00",81.69K,0.00%
12/8/2019,"12,289.00","12,555.00","12,621.00","12,156.00",104.44K,-1.07%
9/8/2019,"12,422.00","12,887.00","13,617.00","12,023.00",121.37K,-2.20%
8/8/2019,"12,702.00","12,838.00","12,928.00","12,702.00",294.41K,-1.06%
7/8/2019,"12,838.00","13,063.00","13,153.00","12,838.00",286.16K,-1.72%
6/8/2019,"13,063.00","13,198.00","13,198.00","12,973.00",248.72K,-1.02%
5/8/2019,"13,198.00","13,243.00","13,288.00","13,063.00",305.76K,0.00%
2/8/2019,"13,198.00","13,063.00","13,243.00","12,883.00",458.64K,2.45%
1/8/2019,"12,883.00","12,883.00","13,288.00","12,747.00",252.25K,-2.05%
31/07/2019,"13,153.00","12,928.00","13,153.00","12,792.00",272.24K,1.04%
30/07/2019,"13,018.00","12,973.00","13,108.00","12,838.00",203.84K,-0.34%
29/07/2019,"13,063.00","12,883.00","13,243.00","12,792.00",204.62K,-0.68%
26/07/2019,"13,153.00","13,288.00","13,513.00","12,838.00",291.45K,0.00%
25/07/2019,"13,153.00","13,198.00","13,423.00","12,747.00",434.73K,-0.34%
24/07/2019,"13,198.00","13,018.00","13,738.00","12,612.00",366.91K,0.69%
23/07/2019,"13,108.00","12,928.00","13,288.00","12,657.00",212.46K,1.39%
22/07/2019,"12,928.00","12,792.00","13,288.00","12,612.00",144.92K,0.70%
19/07/2019,"12,838.00","12,342.00","13,018.00","12,342.00",317.72K,4.40%
18/07/2019,"12,297.00","12,162.00","12,387.00","12,072.00",58.92K,0.00%
17/07/2019,"12,297.00","12,162.00","12,387.00","12,162.00",24.70K,-0.36%
16/07/2019,"12,342.00","12,162.00","12,387.00","12,162.00",62.72K,-1.08%
15/07/2019,"12,477.00","12,162.00","12,477.00","12,162.00",66.84K,0.73%
12/7/2019,"12,387.00","12,477.00","12,477.00","12,162.00",227.95K,0.00%
11/7/2019,"12,387.00","12,567.00","12,567.00","12,162.00",80.75K,0.00%
10/7/2019,"12,387.00","12,432.00","12,432.00","12,162.00",51.35K,0.73%
9/7/2019,"12,297.00","12,342.00","12,387.00","12,162.00",66.25K,-0.36%
8/7/2019,"12,342.00","12,027.00","12,973.00","12,027.00",70.56K,1.48%
5/7/2019,"12,162.00","12,252.00","12,567.00","11,982.00",59.39K,-0.73%
4/7/2019,"12,252.00","12,657.00","12,792.00","12,162.00",77.81K,-7.17%
3/7/2019,"13,198.00","13,333.00","13,333.00","12,612.00",83.50K,-1.01%
2/7/2019,"13,333.00","13,333.00","13,423.00","12,928.00",75.85K,0.00%
1/7/2019,"13,333.00","13,513.00","13,513.00","13,063.00",88.79K,0.68%
28/06/2019,"13,243.00","13,288.00","13,333.00","13,063.00",76.64K,-0.68%
27/06/2019,"13,333.00","13,378.00","13,378.00","13,333.00",50.76K,-0.67%
26/06/2019,"13,423.00","13,423.00","13,423.00","13,333.00",91.53K,0.00%
25/06/2019,"13,423.00","13,423.00","13,423.00","13,153.00",50.96K,0.00%
24/06/2019,"13,423.00","13,468.00","13,513.00","13,108.00",96.04K,-0.67%
21/06/2019,"13,513.00","13,423.00","13,693.00","13,243.00",69.38K,0.00%
20/06/2019,"13,513.00","13,288.00","13,513.00","13,198.00",52.14K,1.69%
19/06/2019,"13,288.00","13,423.00","13,423.00","13,198.00",60.96K,-0.34%
18/06/2019,"13,333.00","13,423.00","13,423.00","13,198.00",74.50K,0.34%
17/06/2019,"13,288.00","13,513.00","13,513.00","13,198.00",66.05K,-2.96%
14/06/2019,"13,693.00","13,693.00","13,693.00","13,423.00",38.81K,0.00%
13/06/2019,"13,693.00","13,513.00","13,783.00","13,063.00",69.38K,0.00%
12/6/2019,"13,693.00","13,783.00","13,964.00","13,288.00",59.00K,0.66%
11/6/2019,"13,603.00","12,883.00","13,738.00","12,567.00",74.28K,4.13%
10/6/2019,"13,063.00","13,333.00","13,964.00","13,063.00",121.13K,-1.36%
7/6/2019,"13,243.00","13,063.00","13,243.00","12,973.00",44.49K,0.34%
6/6/2019,"13,198.00","13,153.00","13,198.00","12,973.00",95.06K,0.00%
5/6/2019,"13,198.00","13,243.00","13,243.00","12,973.00",109.17K,0.00%
4/6/2019,"13,198.00","13,333.00","13,333.00","13,063.00",99.96K,-1.01%
3/6/2019,"13,333.00","13,423.00","13,423.00","13,063.00",124.66K,-1.00%
31/05/2019,"13,468.00","13,603.00","13,603.00","13,063.00",152.10K,-0.33%
30/05/2019,"13,513.00","13,333.00","13,919.00","13,063.00",185.63K,1.35%
29/05/2019,"13,333.00","13,783.00","13,828.00","13,333.00",182.67K,-3.58%
28/05/2019,"13,828.00","13,919.00","14,054.00","13,513.00",150.72K,-0.33%
27/05/2019,"13,874.00","14,324.00","14,324.00","13,333.00",123.68K,-0.64%
24/05/2019,"13,964.00","14,369.00","14,414.00","13,874.00",170.91K,-2.82%
23/05/2019,"14,369.00","14,189.00","14,369.00","13,964.00",132.89K,1.27%
22/05/2019,"14,189.00","14,639.00","14,684.00","14,189.00",125.64K,-3.67%
21/05/2019,"14,729.00","15,045.00","15,540.00","14,729.00",319.48K,-2.39%
20/05/2019,"15,090.00","14,639.00","15,090.00","14,639.00",119.56K,3.08%
17/05/2019,"14,639.00","14,054.00","14,639.00","13,513.00",283.02K,4.83%
16/05/2019,"13,964.00","14,099.00","14,099.00","13,648.00",285.18K,-1.27%
15/05/2019,"14,144.00","14,234.00","14,324.00","14,054.00",248.92K,-0.63%
14/05/2019,"14,234.00","14,414.00","14,504.00","14,189.00",297.92K,-1.56%
13/05/2019,"14,459.00","14,279.00","14,459.00","14,189.00",199.14K,1.26%
10/5/2019,"14,279.00","14,099.00","14,279.00","13,964.00",195.61K,1.60%
9/5/2019,"14,054.00","13,964.00","14,144.00","13,513.00",121.91K,1.97%
8/5/2019,"13,783.00","13,738.00","13,783.00","13,333.00",105.06K,0.66%
7/5/2019,"13,693.00","14,639.00","14,639.00","13,648.00",107.21K,-2.88%
6/5/2019,"14,099.00","14,549.00","14,549.00","13,738.00",123.87K,-1.26%
3/5/2019,"14,279.00","14,865.00","14,865.00","14,189.00",58.41K,-0.63%
2/5/2019,"14,369.00","14,865.00","14,865.00","14,234.00",117.99K,0.31%
26/04/2019,"14,324.00","14,099.00","14,369.00","13,738.00",141.32K,2.58%
25/04/2019,"13,964.00","13,964.00","14,144.00","13,919.00",176.40K,0.00%
24/04/2019,"13,964.00","14,189.00","14,189.00","13,783.00",140.14K,2.65%
23/04/2019,"13,603.00","13,874.00","13,964.00","13,558.00",65.07K,-2.27%
22/04/2019,"13,919.00","14,324.00","14,414.00","13,648.00",138.96K,-1.90%
19/04/2019,"14,189.00","14,324.00","14,414.00","14,189.00",111.92K,-0.94%
18/04/2019,"14,324.00","13,964.00","14,369.00","13,964.00",95.26K,0.32%
17/04/2019,"14,279.00","14,459.00","14,459.00","13,964.00",42.14K,0.00%
16/04/2019,"14,279.00","14,189.00","14,279.00","14,189.00",39.20K,-0.63%
12/4/2019,"14,369.00","14,819.00","14,819.00","14,189.00",42.92K,-0.62%
11/4/2019,"14,459.00","14,594.00","14,594.00","13,738.00",23.74K,0.31%
10/4/2019,"14,414.00","14,144.00","14,504.00","14,144.00",42.73K,1.59%
9/4/2019,"14,189.00","14,324.00","14,414.00","14,144.00",84.87K,0.32%
8/4/2019,"14,144.00","14,009.00","14,414.00","13,964.00",98.20K,-0.32%
5/4/2019,"14,189.00","14,865.00","14,865.00","12,657.00",24.13K,4.31%
4/4/2019,"13,603.00","13,693.00","13,693.00","13,558.00",12.15K,-2.59%
3/4/2019,"13,964.00","14,009.00","14,504.00","13,603.00",1.37K,0.00%
2/4/2019,"13,964.00","14,414.00","14,414.00","13,964.00",1.37K,-4.02%
1/4/2019,"14,549.00","14,459.00","14,865.00","13,513.00",8.13K,-0.61%
29/03/2019,"14,639.00","14,639.00","14,639.00","14,639.00",2.16K,-0.91%
28/03/2019,"14,774.00","14,774.00","14,774.00","14,774.00",2.35K,0.92%
27/03/2019,"14,639.00","14,639.00","14,639.00","14,639.00",0.20K,0.00%
26/03/2019,"14,639.00","14,639.00","14,639.00","14,639.00",3.14K,1.24%
25/03/2019,"14,459.00","14,459.00","14,819.00","14,459.00",15.29K,-3.02%
22/03/2019,"14,910.00","14,865.00","14,955.00","14,865.00",31.56K,0.30%
21/03/2019,"14,865.00","14,414.00","15,090.00","14,414.00",36.06K,1.23%
20/03/2019,"14,684.00","14,819.00","14,819.00","14,009.00",26.46K,-0.91%
19/03/2019,"14,819.00","14,865.00","15,000.00","14,729.00",13.52K,0.61%
18/03/2019,"14,729.00","14,865.00","15,090.00","14,729.00",69.78K,0.00%
15/03/2019,"14,729.00","14,684.00","14,729.00","14,639.00",72.52K,0.61%
14/03/2019,"14,639.00","14,639.00","14,639.00","14,639.00",0.24K,1.56%
13/03/2019,"14,414.00","14,279.00","14,819.00","14,279.00",8.04K,1.26%
12/3/2019,"14,234.00","14,009.00","14,414.00","14,009.00",9.80K,0.32%
11/3/2019,"14,189.00","14,324.00","14,774.00","14,189.00",9.64K,0.00%
8/3/2019,"14,189.00","14,189.00","14,279.00","14,009.00",48.02K,0.32%
7/3/2019,"14,144.00","14,594.00","14,594.00","14,144.00",28.81K,-3.08%
6/3/2019,"14,594.00","14,414.00","14,684.00","14,414.00",17.25K,1.25%
5/3/2019,"14,414.00","14,865.00","15,045.00","14,414.00",48.80K,-3.03%
4/3/2019,"14,865.00","15,180.00","15,180.00","14,865.00",19.01K,-2.36%
1/3/2019,"15,225.00","15,270.00","15,315.00","15,180.00",4.70K,-0.29%
